UnitID,Institution Name,American Indian or Alaska Native (DRVEF122022), Asian, Black or African American,Hispanic/Latino,Native Hawaiian or Other Pacific Islander,White,two or more races,race/ethnicity unknown,U.S. Nonresident,FIPS state code (HD2022),State abbreviation
459523,ABC Beauty Academy,0,53,28,17,0,2,0,0,0,48,TX
222178,Abilene Christian University,1,2,15,19,0,55,4,3,3,48,TX
497037,Abilene Christian University-Undergraduate Online,0,2,23,32,0,34,4,2,2,48,TX
451079,Academy for Five Element Acupuncture,2,4,2,2,0,81,3,7,0,12,FL
497718,Academy for Jewish Religion,0,0,0,7,0,77,1,10,5,36,NY
412173,Academy for Nursing and Health Occupations,0,0,82,11,0,7,0,0,0,12,FL
451097,Academy of Career Training,0,6,17,36,0,26,14,0,0,12,FL
372462,Academy of Cosmetology,1,0,26,13,0,51,9,0,0,12,FL
447449,Academy of Hair Design-Jasper,0,0,33,3,4,59,3,0,0,48,TX
434274,Academy of Hair Design-Lufkin,3,6,31,6,1,53,0,0,0,48,TX
483708,Access Careers,1,10,40,31,1,9,6,1,0,36,NY
494904,Access Careers-Islandia,0,12,25,34,0,29,0,0,0,36,NY
449676,Ace Institute of Technology,0,21,32,32,0,10,3,0,1,36,NY
439969,Acupuncture and Massage College,0,6,8,59,3,21,3,0,0,12,FL
188429,Adelphi University,0,10,11,18,0,45,3,6,7,36,NY
495217,Adrian H. Wallace Barber Academy,0,0,65,5,0,25,4,0,0,12,FL
444334,Advance Science International College,0,0,0,100,0,0,0,0,0,12,FL
437608,Advanced Barber College and Hair Design,0,0,1,90,0,5,0,3,0,48,TX
133872,AdventHealth University,0,6,14,30,0,34,4,8,2,12,FL
476878,Aesthetic Science Institute,0,1,23,3,0,72,0,1,0,36,NY
134811,AI Miami International University of Art and Design,1,1,19,31,0,27,5,2,15,12,FL
482981,Alamo City Barber College,0,1,16,73,0,5,5,0,0,48,TX
222497,Alamo Community College District Central Office,0,0,0,0,0,0,0,0,0,48,TX
418038,Albany BOCES-Adult Practical Nursing Program,0,2,49,8,0,28,7,4,2,36,NY
188526,Albany College of Pharmacy and Health Sciences,0,18,8,8,0,49,5,5,6,36,NY
188535,Albany Law School,0,5,7,9,0,71,2,4,2,36,NY
188580,Albany Medical College,0,24,7,8,0,54,0,4,1,36,NY
385415,Albert Einstein College of Medicine,0,20,5,10,0,37,3,22,3,36,NY
132842,Albizu University-Miami,0,1,5,80,0,6,1,4,3,12,FL
188641,Alfred University,0,1,10,8,0,46,1,28,6,36,NY
188650,Allen School-Brooklyn,1,0,60,30,0,1,2,6,0,36,NY
415987,Allen School-Jamaica,5,3,52,21,0,1,1,16,0,36,NY
490522,Allgood Beauty Institute,2,4,39,25,0,29,0,0,0,48,TX
483850,Alliance Computing Solutions,0,70,10,20,0,0,0,0,0,36,NY
194161,Alliance University,0,9,29,31,0,10,2,2,16,36,NY
445461,Altierus Career College-Bissonnet,0,4,44,41,0,8,3,1,0,48,TX
137801,Altierus Career College-Tampa,0,1,29,33,0,26,7,3,0,12,FL
222567,Alvin Community College,1,9,16,36,0,36,0,1,1,48,TX
222576,Amarillo College,1,3,6,44,0,42,3,1,0,48,TX
222628,Amberton University,1,7,29,13,0,42,0,1,8,48,TX
188687,American Academy McAllister Institute of Funeral Service,1,1,23,14,0,51,0,8,0,36,NY
457396,American Academy of Cosmetology,0,1,39,10,0,48,0,1,0,12,FL
188678,American Academy of Dramatic Arts-New York,0,4,8,11,0,39,6,1,31,36,NY
444370,American Advanced Technicians Institute,0,0,3,94,0,3,0,0,0,12,FL
189477,American Beauty School,2,2,38,44,0,4,4,3,2,36,NY
490391,American Beauty Schools,0,1,4,94,0,1,0,0,0,12,FL
429085,American College of Acupuncture and Oriental Med,0,35,16,10,1,23,3,2,11,48,TX
447883,American Institute of Beauty,0,1,40,16,0,38,4,1,0,12,FL
445133,American InterContinental University-Houston,1,6,42,0,0,8,2,41,0,48,TX
475714,American Medical Academy,0,0,7,83,0,7,1,2,0,12,FL
494977,American Medical Institute Inc.,0,6,93,1,0,0,0,0,0,48,TX
188854,American Musical and Dramatic Academy,0,2,17,21,0,36,9,3,12,36,NY
486415,AMG School of Nursing,0,2,77,10,4,3,2,2,0,36,NY
492032,Amslee Institute,0,0,0,0,0,0,0,0,0,12,FL
483595,Ana G. Mendez University,0,0,0,53,0,1,0,46,0,12,FL
222822,Angelina College,1,1,15,30,0,48,3,2,2,48,TX
222831,Angelo State University,0,2,5,37,0,51,3,0,2,48,TX
490425,Ann Webb Skin Institute,0,2,14,36,0,37,7,3,0,48,TX
491969,Anousheh School of Hair,0,0,0,0,0,0,0,0,0,36,NY
496636,Antigua College International,0,0,4,95,0,1,1,0,0,12,FL
429094,AOMA Graduate School of Integrative Medicine,2,16,2,3,3,58,11,4,1,48,TX
485342,Aparicio-Levy Technical College,0,4,16,26,1,39,3,12,0,12,FL
188890,Apex Technical School,1,10,36,38,0,9,0,5,0,36,NY
494162,Arizona College of Nursing-Dallas,0,9,49,19,0,19,3,1,0,48,TX
495439,Arizona College of Nursing-Fort Lauderdale,0,2,64,17,0,10,6,0,0,12,FL
495420,Arizona College of Nursing-Tampa,0,3,27,37,1,26,7,0,0,12,FL
222877,Arlington Baptist University,1,2,18,31,1,46,0,1,0,48,TX
222886,Arlington Career Institute,0,1,39,28,0,31,0,0,0,48,TX
188915,Arnot Ogden Medical Center,0,0,3,0,0,97,0,0,0,36,NY
482194,Arrojo Cosmetology School,0,5,15,34,0,35,10,1,0,36,NY
460701,Artistic Nails and Beauty Academy-Lakeland,0,0,38,35,0,22,4,0,0,12,FL
378886,Artistic Nails and Beauty Academy-Tampa,0,2,50,27,0,16,6,0,0,12,FL
404994,ASA College,0,17,30,32,0,8,3,0,9,36,NY
188942,Associated Beth Rivkah Schools,0,0,0,0,0,90,0,0,10,36,NY
446127,ATA Career Education,0,1,45,11,0,33,2,7,0,12,FL
461768,Atelier Esthetique Institute of Esthetics,0,5,36,34,0,16,7,1,0,36,NY
439446,Atlantic Institute of Oriental Medicine,1,7,11,26,5,37,0,5,9,12,FL
132374,Atlantic Technical College,0,1,31,26,0,35,2,0,3,12,FL
485768,Atlantis University,0,0,7,63,0,3,0,2,25,12,FL
497790,Atlantis University-Florida Palms University,0,0,0,100,0,0,0,0,0,12,FL
444556,Auguste Escoffier School of Culinary Arts-Austin,1,2,20,31,0,33,5,8,1,48,TX
495129,Austin Career Institute,1,4,19,48,1,19,3,5,0,48,TX
222983,Austin College,1,13,7,25,0,49,3,0,1,48,TX
222992,Austin Community College District,0,9,8,37,0,40,3,1,1,48,TX
247825,Austin Graduate School of Theology,0,0,0,0,0,0,0,0,0,48,TX
223001,Austin Presbyterian Theological Seminary,1,1,10,6,0,80,1,1,1,48,TX
442295,Ave Maria School of Law,0,0,5,18,0,68,1,5,2,12,FL
446048,Ave Maria University,1,3,4,15,0,67,0,7,3,12,FL
448071,Aveda Arts & Sciences Institute-New York,1,3,38,25,1,23,3,6,0,36,NY
455354,Aveda Arts & Sciences Institute-San Antonio,0,0,6,55,0,32,2,5,0,48,TX
362700,Aveda Institute-Fort Myers,0,1,18,47,0,31,2,2,0,12,FL
451149,Aveda Institute-South Florida,1,1,23,31,1,35,3,5,0,12,FL
451158,Aveda Institute-Tallahassee,0,1,26,12,1,56,4,1,0,12,FL
458070,Avenue Five Institute,0,1,17,28,1,40,10,3,0,48,TX
494524,Avenue Five Institute-South Austin Campus,0,0,5,44,0,37,8,5,0,48,TX
441788,Aviation Institute of Maintenance-Dallas,1,4,25,34,1,28,5,1,1,48,TX
227748,Aviation Institute of Maintenance-Houston,0,11,22,35,0,28,3,0,0,48,TX
457411,Aviation Institute of Maintenance-Orlando,0,2,21,49,1,22,5,1,0,12,FL
447847,Aviator College of Aeronautical Science and Technology,0,5,7,28,0,27,3,1,29,12,FL
128586,Bais Binyomin Academy,0,0,0,0,0,98,0,0,2,36,NY
245777,Bais Medrash Elyon,0,0,0,0,0,100,0,0,0,36,NY
495031,Bais Medrash of Dexter Park,0,0,0,0,0,100,0,0,0,36,NY
420705,Bakke Graduate University,1,11,32,7,0,23,1,0,26,48,TX
414489,Baldwin Beauty School-North Austin,1,3,15,41,0,37,1,1,0,48,TX
223056,Baldwin Beauty School-South Austin,0,2,2,46,0,42,0,8,0,48,TX
189015,Bank Street College of Education,0,5,21,14,0,48,3,6,1,36,NY
223083,Baptist Health System School of Health Professions,0,4,6,22,0,22,44,2,0,48,TX
223117,Baptist Missionary Association Theological Seminary,0,4,18,17,0,54,0,2,5,48,TX
444398,Baptist University of the Americas,0,3,0,51,0,4,0,0,41,48,TX
476610,Barber & Beauty Institute of New York,1,1,59,25,1,11,0,0,0,36,NY
497356,Barber Education Academy,0,0,0,88,0,3,6,0,3,48,TX
484048,Barber Institute of Texas,0,0,75,25,0,0,0,0,0,48,TX
497383,Barbers Trade School,0,0,60,19,0,19,0,2,0,48,TX
189088,Bard College,0,3,14,12,0,42,5,5,18,36,NY
189097,Barnard College,0,18,6,14,0,40,7,2,13,36,NY
132471,Barry University,0,4,29,32,0,24,2,3,5,12,FL
223223,Baylor College of Medicine,1,24,5,13,0,44,1,0,13,48,TX
223232,Baylor University,0,7,7,16,0,59,4,1,4,48,TX
476717,Be'er Yaakov Talmudic Seminary,0,0,0,0,0,100,0,0,0,36,NY
384254,Beacon College,2,5,17,8,0,62,5,0,1,12,FL
460969,Beauty Academy of South Florida,0,0,4,91,0,5,0,0,0,12,FL
444413,Beis Medrash Heichal Dovid,0,0,0,0,0,99,0,0,1,36,NY
190956,Belanger School of Nursing,1,9,11,3,0,73,1,1,0,36,NY
483559,Bella Cosmetology and Barber College,0,0,23,23,0,53,0,0,0,48,TX
493567,Bellasa Professional Institute,1,1,28,55,0,13,0,2,0,12,FL
137591,Bene's Career Academy,0,0,13,20,0,63,3,0,0,12,FL
189219,Berk Trade and Business School,0,9,30,35,0,25,0,1,0,36,NY
189228,Berkeley College-New York,0,1,14,22,0,3,0,39,20,36,NY
189255,Berkowits School of Electrolysis,0,2,22,22,0,47,8,0,0,36,NY
485999,Bet Medrash Gadol Ateret Torah,0,0,0,0,0,100,0,0,0,36,NY
189273,Beth Hamedrash Shaarei Yosher Institute,0,0,0,0,0,100,0,0,0,36,NY
486196,Beth Medrash Meor Yitzchok,0,0,0,0,0,95,0,0,5,36,NY
132602,Bethune-Cookman University,0,0,81,5,0,1,3,8,2,12,FL
137856,Big Bend Technical College,1,1,26,3,0,65,4,0,0,12,FL
196079,Binghamton University,0,14,5,11,0,55,3,1,9,36,NY
224013,BK Cosmo College of Cosmetology,0,0,1,29,0,66,2,1,0,48,TX
223427,Blinn College District,1,3,7,23,0,61,4,1,0,48,TX
491446,Bnos Zion Of Bobov Seminary,0,0,0,0,0,100,0,0,0,36,NY
481483,Boca Beauty Academy,0,2,25,30,0,33,2,7,0,12,FL
489238,Boca Beauty Academy-Parkland,1,0,41,35,0,19,1,3,0,12,FL
189413,Boricua College,0,0,26,70,0,3,0,0,0,36,NY
223506,Brazosport College,0,1,7,44,0,41,3,4,0,48,TX
367875,Brewster Technical College,0,6,28,34,1,26,4,0,1,12,FL
450304,Brite Divinity School,0,0,15,7,1,69,0,0,7,48,TX
449311,Brittany Beauty Academy,0,1,32,59,0,3,3,1,2,36,NY
189468,Brittany Beauty Academy,0,3,26,29,1,36,4,0,0,36,NY
189404,Brittany Beauty Academy,0,4,49,27,0,13,3,2,1,36,NY
189501,Brooklyn Law School,0,10,4,11,0,62,5,2,5,36,NY
418010,Broome Delaware Tioga BOCES-Practical Nursing Program,0,1,17,8,0,74,0,0,0,36,NY
132709,Broward College,0,3,31,36,0,15,6,3,5,12,FL
188517,Bryant & Stratton College-Albany,1,5,29,20,0,33,8,3,0,36,NY
189583,Bryant & Stratton College-Buffalo,1,3,32,9,0,49,4,1,0,36,NY
189592,Bryant & Stratton College-Greece,0,2,40,14,0,35,6,3,0,36,NY
480091,Bryant & Stratton College-Online,1,1,40,7,0,43,5,1,0,36,NY
189565,Bryant & Stratton College-Syracuse North,2,3,31,11,0,45,5,3,1,36,NY
461740,Buckner Barber School,0,0,71,22,0,6,2,0,0,48,TX
446109,Cambridge College of Healthcare & Technology,1,2,42,32,0,18,5,0,0,12,FL
454865,Cambridge College of Healthcare & Technology,1,2,47,24,0,21,5,0,0,12,FL
189705,Canisius College,1,3,9,6,0,68,3,5,5,36,NY
431558,Cape Coral Technical College,0,1,14,40,0,40,3,0,1,12,FL
189714,Capri Cosmetology Learning Centers,0,1,14,22,0,48,1,15,0,36,NY
455220,Career School of NY,0,0,29,29,0,43,0,0,0,36,NY
493734,Careers Institute of America,0,0,52,26,0,19,4,0,0,48,TX
475750,Carrington College-Mesquite,0,0,0,0,0,0,0,0,0,48,TX
417983,Cattaraugus Allegany BOCES-Practical Nursing Program,3,0,0,6,0,91,0,0,0,36,NY
189839,Cayuga County Community College,1,2,7,3,0,79,0,8,0,36,NY
430883,Cayuga Onondaga BOCES-Practical Nursing Program,3,0,19,8,0,70,0,0,0,36,NY
189848,Cazenovia College,2,1,9,9,0,63,4,12,0,36,NY
456977,CBT Technology Institute-Cutler Bay,0,1,7,89,0,3,0,0,0,12,FL
449092,CBT Technology Institute-Hialeah,0,1,6,91,0,2,0,0,0,12,FL
449083,CBT Technology Institute-Main Campus,0,0,2,95,0,2,0,0,0,12,FL
449773,CCI Training Center-Arlington,2,3,57,16,0,15,4,2,0,48,TX
447874,CDA Technical Institute,0,1,12,9,1,75,2,1,0,12,FL
454917,Celebrity School of Beauty,0,0,10,76,0,4,1,1,8,12,FL
379782,Center for Advanced Legal Studies,0,2,32,30,1,34,0,0,0,48,TX
451413,Center for Allied Health Education,0,12,19,17,0,47,5,0,0,36,NY
364964,Center for Instruction  Technology & Innovation,0,0,5,3,0,87,3,3,0,36,NY
488226,Center for Neurosomatic Studies,0,3,19,16,3,48,10,0,0,12,FL
486381,Center for Ultrasound Research & Education,0,1,16,38,0,32,8,3,2,36,NY
246460,Central Texas Beauty College-Round Rock,0,5,21,40,0,30,2,0,0,48,TX
383464,Central Texas Beauty College-Temple,0,3,25,36,0,30,2,4,0,48,TX
223816,Central Texas College,1,4,25,29,1,30,6,4,0,48,TX
488004,Central Yeshiva Beth Joseph,0,0,0,0,0,91,0,0,9,36,NY
189857,Central Yeshiva Tomchei Tmimim Lubavitz,0,0,0,0,0,82,0,0,18,36,NY
432269,CET-El Paso,0,0,4,93,0,2,1,0,0,48,TX
457129,Chamberlain University-Florida,0,5,45,23,0,23,2,1,0,12,FL
466930,Chamberlain University-Texas,0,16,38,24,0,17,2,1,0,48,TX
449782,Champion Beauty College,0,1,42,32,1,24,0,0,0,48,TX
498340,Chancellor Institute,0,0,0,0,0,0,0,0,0,12,FL
223852,Charles and Sues School of Hair Design,0,0,15,21,0,62,3,0,0,48,TX
418171,Charles Stuart School of Diamond Setting,0,3,21,24,0,50,0,3,0,36,NY
132976,Charlotte Technical College,0,2,14,16,0,63,5,0,1,12,FL
492607,Chicago School of Professional Psychology at Dallas,1,5,48,11,1,27,4,2,2,48,TX
437732,Chicago School of Professional Psychology-College of Nursing,0,5,63,8,0,12,3,8,0,48,TX
133021,Chipola College,1,1,14,5,0,71,4,3,1,12,FL
494630,Christ Mission College,0,0,2,80,0,7,2,0,9,48,TX
189990,Christine Valmy International School for Esthetics  Skin Care & Makeup,0,3,22,46,0,17,1,9,2,36,NY
190008,Circle in the Square Theatre School,0,0,9,6,0,60,14,0,11,36,NY
223898,Cisco College,0,1,8,28,1,52,4,4,0,48,TX
417327,City College-Altamonte Springs,0,2,32,38,0,21,7,1,0,12,FL
244233,City College-Fort Lauderdale,0,3,49,21,0,17,3,7,0,12,FL
406547,City College-Gainesville,1,1,39,11,0,43,5,0,0,12,FL
475477,City College-Hollywood,0,0,26,33,0,32,8,0,0,12,FL
434539,City College-Miami,0,0,14,73,0,8,4,1,0,12,FL
223922,Clarendon College,1,1,19,19,0,41,0,16,3,48,TX
190044,Clarkson University,0,4,4,6,0,70,3,2,10,36,NY
190053,Clinton Community College,3,1,3,3,0,54,1,35,1,36,NY
417868,Clinton Essex Warren Washington BOCES,0,0,4,0,0,93,2,0,0,36,NY
223320,Coastal Bend College,0,1,2,77,0,18,0,1,0,48,TX
190071,Cochran School of Nursing,0,9,27,38,1,18,4,2,1,36,NY
190080,Colgate Rochester Crozer Divinity School,0,0,46,0,0,36,0,18,0,36,NY
190099,Colgate University,0,5,4,9,0,65,5,2,9,36,NY
388520,College of Biblical Studies-Houston,0,8,42,32,0,15,2,0,0,48,TX
132851,College of Central Florida,0,2,12,15,0,63,4,2,1,12,FL
379746,College of Health Care Professions,0,1,30,61,0,5,2,1,0,48,TX
193399,College of Mount Saint Vincent,0,5,15,25,0,39,2,11,2,36,NY
190558,College of Staten Island CUNY,0,13,14,25,0,43,3,0,2,36,NY
226408,College of the Mainland,1,3,16,34,0,41,3,2,0,48,TX
247834,Collin County Community College District,0,14,12,21,0,44,5,2,2,48,TX
190150,Columbia University in the City of New York,0,13,5,8,0,29,3,4,37,36,NY
190169,Columbia-Greene Community College,0,3,8,10,0,69,5,4,0,36,NY
498377,Commercial Diving Technologies Institute,0,1,6,7,0,85,0,0,1,12,FL
366261,Commonwealth Institute of Funeral Service,0,0,37,28,0,35,0,0,0,48,TX
423120,Compu-Med Vocational Careers Corp,0,0,4,94,0,1,0,1,0,12,FL
460181,Concorde Career College-Dallas,0,3,24,29,0,9,0,34,0,48,TX
441742,Concorde Career College-Grand Prairie,0,1,32,18,0,6,0,44,0,48,TX
460206,Concorde Career College-San Antonio,0,2,8,49,0,13,0,27,0,48,TX
133845,Concorde Career Institute-Jacksonville,0,2,37,6,0,15,1,38,0,12,FL
133854,Concorde Career Institute-Miramar,0,1,27,16,0,4,1,52,0,12,FL
460190,Concorde Career Institute-Orlando,0,2,37,33,1,11,2,14,0,12,FL
133863,Concorde Career Institute-Tampa,0,1,20,33,0,15,1,28,0,12,FL
224004,Concordia University Texas,0,6,17,33,0,37,3,3,0,48,TX
493600,Congregation Talmidei Mesivta Tiferes Shmiel Aleksander,0,0,0,0,0,100,0,0,0,36,NY
467094,Continental School of Beauty Culture-Mattydale,0,0,22,5,0,65,7,1,0,36,NY
190318,Continental School of Beauty Culture-Rochester,0,3,42,11,0,42,2,0,0,36,NY
194435,Continental School of Beauty Culture-West Seneca,1,1,41,4,0,50,2,1,0,36,NY
190415,Cornell University,0,17,6,11,0,31,4,6,25,36,NY
387925,Cortiva Institute,0,3,58,19,1,17,1,1,0,12,FL
134574,Cortiva Institute,0,3,24,18,2,46,6,2,0,12,FL
438285,Cortiva Institute,0,1,33,39,0,24,2,1,0,12,FL
486770,Cortiva Institute-Arlington,0,2,64,13,0,20,2,0,0,48,TX
482200,Cosmetology Academy of Texarkana,1,1,51,4,0,41,2,0,0,48,TX
226675,Covenant School of Nursing and Allied Health,0,4,5,37,0,44,2,8,0,48,TX
454874,Cozmo Beauty School,0,0,5,23,0,68,3,1,0,12,FL
475608,Criswell College,0,5,14,12,0,61,3,4,2,48,TX
496715,CTK Healthcare & Career Institute,0,10,62,10,1,4,0,0,14,48,TX
444565,Culinary Institute Inc,0,5,31,36,0,25,1,2,0,48,TX
190503,Culinary Institute of America,0,8,8,20,0,46,4,3,10,36,NY
486390,Culinary Tech Center,1,1,48,31,1,13,4,1,0,36,NY
190512,CUNY Bernard M Baruch College,0,31,10,25,0,22,2,0,10,36,NY
190521,CUNY Borough of Manhattan Community College,0,13,25,41,0,12,3,0,6,36,NY
190530,CUNY Bronx Community College,0,4,29,59,0,4,1,0,2,36,NY
190549,CUNY Brooklyn College,0,21,22,22,0,29,3,0,3,36,NY
190567,CUNY City College,0,23,15,36,0,17,3,0,6,36,NY
190576,CUNY Graduate School and University Center,0,12,19,22,0,35,2,0,10,36,NY
190585,CUNY Hostos Community College,0,4,28,58,0,6,1,0,4,36,NY
190594,CUNY Hunter College,0,24,12,29,0,28,3,0,4,36,NY
190600,CUNY John Jay College of Criminal Justice,0,11,17,46,0,19,3,0,4,36,NY
190619,CUNY Kingsborough Community College,0,17,27,23,0,28,2,0,2,36,NY
190628,CUNY LaGuardia Community College,0,20,17,45,0,11,2,0,5,36,NY
190637,CUNY Lehman College,0,7,26,53,0,10,2,0,3,36,NY
190646,CUNY Medgar Evers College,0,5,72,16,0,3,2,0,3,36,NY
190655,CUNY New York City College of Technology,0,21,27,33,0,12,2,0,4,36,NY
190664,CUNY Queens College,0,28,9,28,0,27,3,0,5,36,NY
190673,CUNY Queensborough Community College,1,26,22,30,0,13,2,0,5,36,NY
190682,CUNY School of Law,0,11,11,25,0,47,3,0,3,36,NY
475565,CUNY Stella and Charles Guttman Community College,0,8,27,54,0,5,2,0,4,36,NY
190035,CUNY System Office,0,0,0,0,0,0,0,0,0,36,NY
190691,CUNY York College,1,22,38,25,0,7,3,0,3,36,NY
190707,CVPH Medical Center School of Radiologic Technology,0,0,0,0,0,100,0,0,0,36,NY
480888,CyberTex Institute of Technology,0,1,38,41,0,19,0,0,0,48,TX
461306,D A Dorsey Technical College,0,0,78,14,0,2,1,0,3,12,FL
190716,D'Youville  University,1,7,11,5,0,60,2,6,8,36,NY
190725,Daemen University,1,3,9,6,0,76,2,3,1,36,NY
224226,Dallas Baptist University,1,3,13,14,0,52,1,5,12,48,TX
443021,Dallas Barber & Stylist College,0,4,86,5,0,5,0,0,0,48,TX
224244,Dallas Christian College,1,2,21,15,0,34,12,14,0,48,TX
224615,Dallas College,0,9,21,45,0,18,2,4,1,48,TX
224271,Dallas Institute of Funeral Service,2,1,28,10,0,45,3,11,0,48,TX
224305,Dallas Theological Seminary,0,7,11,5,0,51,2,7,16,48,TX
194569,Davis College,0,3,9,12,0,61,6,8,1,36,NY
447014,Daytona College,1,1,36,9,0,49,1,1,0,12,FL
133386,Daytona State College,0,3,13,21,0,57,4,2,0,12,FL
224350,Del Mar College,0,2,2,70,0,22,0,2,1,48,TX
406361,Delaware Chenango Madison Otsego BOCES-Practical Nursing Program,0,0,0,5,0,95,0,0,0,36,NY
493804,Deluxe Barber College,0,0,34,65,0,1,0,0,0,48,TX
494463,Derech Hachaim Seminary,0,0,0,0,0,100,0,0,0,36,NY
482413,DeVry College of New York,1,7,32,25,0,22,1,8,4,36,NY
482459,DeVry University-Florida,1,2,29,30,0,31,1,5,1,12,FL
482635,DeVry University-Texas,1,3,27,26,0,31,3,5,4,48,TX
461388,Diamonds College,2,0,11,18,0,55,10,3,0,48,TX
480028,Digital Film Academy,1,9,29,25,0,24,7,0,5,36,NY
190761,Dominican University New York,0,8,13,30,0,32,2,12,3,36,NY
449481,Dragon Rises College of Oriental Medicine,0,4,15,13,0,65,0,2,0,12,FL
431105,Dutchess BOCES-Practical Nursing Program,0,2,38,15,0,40,3,2,0,36,NY
190840,Dutchess Community College,0,4,11,22,0,54,4,5,0,36,NY
458043,DuVall's School of Cosmetology,2,2,26,23,0,36,9,2,0,48,TX
224527,East Texas Baptist University,2,1,20,13,0,60,1,1,1,48,TX
439394,East West College of Natural Medicine,0,6,10,16,0,63,5,0,0,12,FL
132693,Eastern Florida State College,0,3,11,17,0,61,6,2,1,12,FL
418065,Eastern Suffolk BOCES,1,2,36,20,0,32,2,6,0,36,NY
486877,Eastern Suffolk BOCES,0,0,21,21,0,43,0,14,0,36,NY
486886,Eastern Suffolk BOCES,0,3,5,22,0,57,0,14,0,36,NY
133492,Eckerd College,0,2,3,9,0,76,5,0,4,12,FL
457794,EDP School,0,32,0,4,0,64,0,0,0,36,NY
133526,Edward Waters University,0,0,86,3,0,3,4,3,0,12,FL
224642,El Paso Community College,0,1,2,85,0,6,0,4,1,48,TX
483382,Electrical and HVAC/R Training Center,0,4,22,29,0,43,1,2,0,36,NY
488305,Elim Bible Institute and College,0,1,5,16,0,64,4,2,9,36,NY
495776,Elite Welding Academy,0,0,21,57,0,16,0,4,1,48,TX
486080,Elmezzi Graduate School of Molecular Medicine,0,14,0,29,0,57,0,0,0,36,NY
190983,Elmira College,0,2,5,6,0,75,3,3,5,36,NY
490346,Elyon College,0,0,0,0,0,100,0,0,0,36,NY
133553,Embry-Riddle Aeronautical University-Daytona Beach,0,3,5,29,0,43,3,4,12,12,FL
426314,Embry-Riddle Aeronautical University-Worldwide,0,4,9,18,1,55,4,5,4,12,FL
457378,Emerald Coast Technical College,0,1,11,4,0,79,5,0,0,12,FL
383765,Empire Beauty School-Brooklyn,0,1,66,18,0,10,1,5,0,36,NY
485014,Empire Beauty School-Buffalo,1,1,57,6,1,22,6,7,0,36,NY
491145,Empire Beauty School-Lakeland,0,0,23,29,1,44,3,1,0,12,FL
195067,Empire Beauty School-Manhattan,0,1,48,29,0,4,4,13,0,36,NY
193991,Empire Beauty School-Peekskill,0,0,13,31,0,23,13,21,0,36,NY
190239,Empire Beauty School-Queens,1,3,36,28,1,6,2,23,0,36,NY
481845,Empire Beauty School-Rochester,0,3,33,12,0,35,5,13,0,36,NY
491136,Empire Beauty School-Tampa,0,0,40,24,0,21,1,13,0,12,FL
459055,Empire Beauty School-West Palm,0,0,69,10,1,17,1,2,0,12,FL
196264,Empire State University,0,3,13,12,0,48,2,21,1,36,NY
224712,Episcopal Theological Seminary of the Southwest,1,2,11,11,0,74,1,0,0,48,TX
439622,Erie 1 BOCES,1,2,31,7,0,58,0,0,0,36,NY
383525,Erie 2 Chautauqua Cattaraugus BOCES-Practical Nursing Program,0,0,7,0,0,93,0,0,0,36,NY
191083,Erie Community College,1,5,14,7,0,57,3,12,1,36,NY
369419,Erwin Technical College,0,2,30,40,0,21,4,2,1,12,FL
385619,Everglades University,2,2,20,20,0,44,2,10,0,12,FL
494472,Evvaylois Academy School of Beauty,0,0,44,11,0,15,30,0,0,48,TX
196680,Excelsior University,1,3,18,13,1,59,4,1,1,36,NY
224758,Exposito School of Hair Design,0,4,2,40,0,53,2,0,0,48,TX
494597,Faith Theological Seminary and Christian College,0,0,45,23,0,31,1,0,0,12,FL
196042,Farmingdale State College,0,11,10,25,0,48,3,0,2,36,NY
191126,Fashion Institute of Technology,0,13,8,22,0,40,4,1,12,36,NY
191199,Finger Lakes Community College,0,2,6,8,0,75,1,7,0,36,NY
475422,Finger Lakes Health College of Nursing & Health Sciences,0,1,23,1,0,74,0,0,0,36,NY
484075,First Coast Barber Academy,1,1,68,14,0,13,3,0,0,12,FL
137023,First Coast Technical College,0,1,16,7,1,73,2,0,1,12,FL
191205,Five Towns College,0,2,16,26,0,49,0,5,3,36,NY
133711,Flagler College,0,1,5,12,0,72,3,5,3,12,FL
461245,Flagler Technical College,1,1,18,19,1,57,3,0,0,12,FL
462035,Florida Academy,0,2,23,38,0,33,4,0,0,12,FL
447908,Florida Academy of Health & Beauty,0,0,94,5,0,1,1,0,0,12,FL
496681,Florida Academy of Nursing,0,1,88,10,1,0,0,0,0,12,FL
133650,Florida Agricultural and Mechanical University,0,1,84,5,0,6,3,0,1,12,FL
133669,Florida Atlantic University,0,4,20,28,0,39,4,1,4,12,FL
497639,Florida Baptist University,0,0,0,0,0,0,0,0,0,12,FL
441380,Florida Barber Academy,0,1,64,31,0,3,0,0,0,12,FL
487445,Florida Career College-Boynton Beach,0,0,26,7,0,3,0,63,0,12,FL
487409,Florida Career College-Hialeah,0,0,19,25,0,1,0,54,0,12,FL
487490,Florida Career College-Houston,1,0,24,10,0,2,1,63,0,48,TX
487436,Florida Career College-Jacksonville,0,1,34,5,1,7,1,51,0,12,FL
487418,Florida Career College-Lauderdale Lakes,0,1,39,4,0,1,1,53,0,12,FL
487454,Florida Career College-Margate,0,0,36,13,0,2,1,47,0,12,FL
133997,Florida Career College-Miami,0,0,18,36,0,2,1,42,0,12,FL
487472,Florida Career College-Orlando,1,0,23,15,0,3,1,56,0,12,FL
487384,Florida Career College-Pembroke Pines,1,0,28,14,0,2,1,54,0,12,FL
487427,Florida Career College-Tampa,0,0,14,13,0,4,1,67,0,12,FL
487393,Florida Career College-West Palm Beach,0,0,33,20,0,5,0,42,0,12,FL
133809,Florida College,1,2,4,8,0,77,4,3,2,12,FL
434441,Florida College of Integrative Medicine,0,27,10,12,0,43,0,4,3,12,FL
441423,Florida Education Institute,0,0,2,97,0,0,0,0,0,12,FL
135160,Florida Gateway College,0,1,16,7,0,73,2,0,0,12,FL
433660,Florida Gulf Coast University,0,2,7,24,0,60,4,1,2,12,FL
476814,Florida Institute of Recording Sound and Technology,0,1,39,26,1,27,4,4,0,12,FL
133881,Florida Institute of Technology,0,3,7,14,0,47,3,6,20,12,FL
480569,Florida Institute of Technology-Online,1,4,22,16,0,46,2,8,1,12,FL
133942,Florida Institute of Ultrasound Inc,0,9,6,1,0,84,0,0,0,12,FL
486512,Florida International Training Institute,0,0,0,100,0,0,0,0,0,12,FL
133951,Florida International University,0,3,12,63,0,10,2,1,8,12,FL
133979,Florida Memorial University,0,0,52,9,0,2,1,17,17,12,FL
408844,Florida National University-Main Campus,0,1,4,82,0,1,0,0,12,12,FL
138284,Florida Panhandle Technical College,4,3,19,4,2,64,5,0,0,12,FL
482936,Florida Polytechnic University,0,5,7,22,0,57,4,1,3,12,FL
495299,Florida Professional Institute,0,0,2,94,0,0,0,0,3,12,FL
134024,Florida School of Massage,0,0,15,11,0,68,2,0,4,12,FL
457350,Florida School of Traditional Midwifery,1,1,40,13,0,42,1,0,0,12,FL
134079,Florida Southern College,1,3,8,15,0,67,2,1,3,12,FL
133508,Florida SouthWestern State College,0,2,13,34,0,39,3,7,2,12,FL
133702,Florida State College at Jacksonville,0,4,28,10,0,45,8,1,2,12,FL
134097,Florida State University,0,3,10,21,0,56,4,1,4,12,FL
488253,Focus Personal Training Institute,1,11,33,28,0,17,1,6,3,36,NY
191241,Fordham University,0,10,8,17,0,48,4,3,11,36,NY
135267,Fort Myers Technical College,0,1,15,30,0,49,2,0,2,12,FL
134228,Fort Pierce Beauty Academy,0,0,40,14,0,40,7,0,0,12,FL
224828,Fort Worth Beauty School,1,0,13,25,0,59,2,0,0,48,TX
392415,Fortis College,0,2,57,27,0,6,3,2,0,48,TX
490975,Fortis College-Cutler Bay,0,0,28,61,1,7,3,1,0,12,FL
439792,Fortis College-Orange Park,0,2,54,9,0,30,5,1,0,12,FL
459958,Fortis Institute,1,0,45,44,1,5,3,1,0,48,TX
455479,Fortis Institute-Pensacola,1,1,42,4,0,47,4,1,0,12,FL
445744,Fortis Institute-Port Saint Lucie,0,2,44,20,0,26,6,2,0,12,FL
224891,Frank Phillips College,5,0,3,27,0,52,0,10,3,48,TX
459329,Fred K Marchman Technical College,0,2,5,19,0,70,3,0,0,12,FL
134237,Full Sail University,1,2,29,18,0,36,6,9,0,12,FL
191302,Fulton-Montgomery Community College,0,1,3,11,0,62,4,15,4,36,NY
476498,Futura Career Institute,0,0,0,99,0,1,0,0,0,12,FL
459310,Future-Tech Institute,0,2,18,81,0,0,0,0,0,12,FL
476939,FVI School of Nursing and Technology,0,0,15,78,0,2,0,5,0,12,FL
485926,GA Beauty & Barber School,0,0,1,95,0,3,0,1,0,48,TX
490090,Gadsden Technical College,0,0,71,22,0,8,0,0,0,12,FL
406033,Galen College of Nursing-San Antonio,0,3,12,54,0,20,2,8,0,48,TX
406024,Galen College of Nursing-Tampa Bay,0,4,21,23,0,42,4,6,0,12,FL
497116,Galen Health Institutes-Austin Campus,0,5,37,30,0,15,6,7,0,48,TX
498085,Galen Health Institutes-Gainesville,0,0,41,10,0,34,0,14,0,12,FL
498474,Galen Health Institutes-Houston,0,0,0,0,0,0,0,0,0,48,TX
496991,Galen Health Institutes-Miami Campus,0,9,35,31,0,10,2,13,0,12,FL
498076,Galen Health Institutes-Sarasota,0,0,0,0,0,0,0,0,0,12,FL
224961,Galveston College,0,4,16,39,0,36,2,2,1,48,TX
480912,Gemini School of Visual Arts & Communication,0,0,0,11,0,89,0,0,0,48,TX
191311,Gemological Institute of America-New York,1,16,5,12,0,39,1,10,15,36,NY
191339,Genesee Community College,0,1,7,5,0,71,3,9,3,36,NY
431196,Genesee Valley BOCES-Practical Nursing Program,0,0,36,6,0,49,9,0,0,36,NY
134291,George Stone Technical College,1,2,20,6,0,65,5,0,0,12,FL
134307,George T Baker Aviation Technical College,0,0,12,76,0,9,1,0,2,12,FL
494551,Glasgow Caledonian New York College,0,11,7,11,0,51,18,2,0,36,NY
492935,Global Medical & Technical Training Institute,2,0,8,90,0,0,0,0,0,12,FL
483841,Grace International Beauty School,0,97,0,3,0,0,0,0,0,36,NY
481401,Grace School of Theology,0,1,9,3,0,12,0,74,0,48,TX
225043,Graham's Barber College,0,0,100,0,0,0,0,0,0,48,TX
225070,Grayson College,5,2,11,19,0,62,0,1,0,48,TX
134343,Gulf Coast State College,1,4,11,7,0,68,4,5,0,12,FL
490559,Gwinnett Institute,0,2,71,14,0,7,5,0,0,12,FL
225201,Hallmark University,0,3,11,47,1,29,7,2,0,48,TX
191515,Hamilton College,0,8,3,10,0,65,5,1,7,36,NY
455327,Hands on Therapy,1,1,51,17,0,27,3,0,0,48,TX
225247,Hardin-Simmons University,1,2,11,22,0,57,3,1,4,48,TX
191533,Hartwick College,0,2,12,8,0,59,3,13,3,36,NY
490054,HCI College,0,2,40,17,0,29,9,2,0,12,FL
203067,Hebrew Union College-Jewish Institute of Religion,0,0,2,5,0,88,1,4,1,36,NY
191597,Helene Fuld College of Nursing,1,4,50,9,0,15,0,0,21,36,NY
431275,Herkimer County BOCES-Practical Nursing Program,0,1,9,0,0,89,1,0,0,36,NY
191612,Herkimer County Community College,1,2,11,6,0,72,1,4,2,36,NY
386472,Herzing University-Orlando,0,5,37,26,0,24,2,5,0,12,FL
496973,Herzing University-Tampa,1,4,40,19,0,26,3,7,0,12,FL
191621,Hilbert College,0,0,2,2,0,21,2,72,0,36,NY
225371,Hill College,1,2,5,24,0,59,4,5,1,48,TX
134495,Hillsborough Community College,0,4,17,34,0,35,4,3,1,12,FL
191630,Hobart William Smith Colleges,0,3,7,9,0,66,3,4,7,36,NY
134510,Hobe Sound Bible College,0,1,5,5,1,68,0,17,3,12,FL
367884,Hodges University,0,2,13,33,1,39,0,12,0,12,FL
191649,Hofstra University,0,12,9,13,0,52,3,5,5,36,NY
443234,Hollywood Institute,0,2,73,15,1,8,0,1,0,12,FL
134529,Hollywood Institute of Beauty Careers,1,1,55,31,4,6,1,0,0,12,FL
485388,Hollywood Institute of Beauty Careers-Casselberry,0,0,31,49,1,17,1,0,0,12,FL
485379,Hollywood Institute of Beauty Careers-West Palm Beach,0,1,33,41,0,8,0,17,0,12,FL
488332,Hope College of Arts and Sciences,0,1,97,1,0,1,0,0,0,12,FL
191676,Houghton University,0,2,8,1,0,72,5,7,4,36,NY
225399,Houston Baptist University,0,5,29,29,0,23,3,5,5,48,TX
493743,Houston Barber School,0,2,53,43,0,3,0,0,0,48,TX
225423,Houston Community College,0,11,28,36,0,13,2,2,7,48,TX
246345,Houston Graduate School of Theology,0,0,63,12,0,22,1,0,3,48,TX
458034,Houston International College Cardiotech Ultrasound School,0,44,26,20,0,11,0,0,0,48,TX
492157,Houston School of Carpentry,0,0,0,0,0,0,0,0,0,48,TX
380067,Houston Training School-Main Campus,0,3,35,62,0,1,0,0,0,48,TX
484996,Houston Training Schools-Gessner,0,3,24,73,0,1,0,0,0,48,TX
225520,Howard College,0,1,3,50,0,42,3,0,1,48,TX
225548,Howard Payne University,1,1,9,28,1,52,4,5,0,48,TX
191719,Hudson Valley Community College,0,8,10,7,0,66,3,4,0,36,NY
191728,Hunter Business School,0,3,20,29,0,38,6,4,0,36,NY
225575,Huston-Tillotson University,0,1,65,26,0,4,0,1,3,48,TX
193405,Icahn School of Medicine at Mount Sinai,0,22,9,11,0,37,2,6,13,36,NY
457387,Immokalee Technical College,2,0,14,68,0,14,1,0,1,12,FL
134608,Indian River State College,0,2,15,34,0,42,3,3,1,12,FL
491932,Installer Institute,2,0,38,17,2,31,5,5,0,12,FL
496751,Institute of Allied Healthcare,0,1,8,49,4,25,3,6,3,48,TX
457819,Institute of Culinary Education,0,11,13,25,0,37,3,3,8,36,NY
443696,Interactive College of Technology,0,1,42,46,0,11,0,0,0,48,TX
440776,Interactive College of Technology,0,2,21,52,0,26,0,0,0,48,TX
367361,Interactive College of Technology,0,4,39,38,0,19,0,0,0,48,TX
483869,InterAmerican Technical Institute,0,0,0,100,0,0,0,0,0,12,FL
134714,International Academy,1,1,40,11,0,46,1,1,0,12,FL
431284,International Beauty College,0,9,36,37,0,15,2,1,1,48,TX
439686,International Training Careers,0,0,0,100,0,0,0,0,0,12,FL
191931,Iona University,0,3,10,23,0,52,2,6,3,36,NY
191940,Isabella Graham Hart School of Practical Nursing,0,1,54,10,0,31,5,0,0,36,NY
191959,Island Drafting and Technical Institute,1,1,9,31,1,41,7,7,0,36,NY
191968,Ithaca College,0,4,5,10,0,72,4,2,2,36,NY
225876,Jacksonville College-Main Campus,0,1,19,24,0,29,3,23,1,48,TX
134945,Jacksonville University,0,3,18,12,0,52,4,5,6,12,FL
192004,Jamestown Business College,6,0,3,14,1,65,11,0,0,36,NY
191986,Jamestown Community College,2,1,3,7,0,79,3,3,2,36,NY
225885,Jarvis Christian University,1,0,76,17,0,2,1,2,2,48,TX
443146,Jay's Technical Institute,0,0,67,28,0,5,1,0,0,48,TX
192022,Jefferson Community College,1,2,8,8,0,70,3,6,0,36,NY
417886,Jefferson Lewis BOCES-Practical Nursing Program,0,0,6,3,3,88,0,0,0,36,NY
192040,Jewish Theological Seminary of America,0,1,0,3,0,82,0,11,3,36,NY
188696,Joffrey Ballet School,1,4,7,11,0,39,4,0,36,36,NY
132879,Johnson University Florida,0,1,23,26,0,35,2,4,10,12,FL
487311,Jones Technical Institute,0,1,26,13,0,46,5,8,0,12,FL
461281,Jose Maria Vargas University,0,0,0,89,0,1,0,0,10,12,FL
481313,Kaizen Beauty Academy,0,3,41,39,0,16,0,2,0,12,FL
492652,KCK Beauty & Barber Academy,0,0,87,1,0,11,0,0,0,12,FL
225991,KD Conservatory College of Film and Dramatic Arts,0,1,44,24,0,24,2,4,0,48,TX
192165,Kehilath Yakov Rabbinical Seminary,0,0,0,0,0,100,0,0,0,36,NY
135081,Keiser University-Ft Lauderdale,1,2,19,26,0,28,1,20,2,12,FL
192192,Keuka College,0,1,6,5,0,79,3,5,0,36,NY
134422,Key College,0,0,43,7,0,50,0,0,0,12,FL
226019,Kilgore College,0,1,19,23,0,50,4,1,2,48,TX
429012,L3Harris Flight Academy,1,2,6,14,0,23,7,0,48,12,FL
383163,La Belle Beauty Academy,0,0,2,97,0,0,0,0,0,12,FL
135142,La Belle Beauty School,0,0,0,100,0,0,0,0,0,12,FL
135179,Lake Technical College,2,1,14,19,0,61,2,0,0,12,FL
135188,Lake-Sumter State College,1,5,11,23,0,52,3,4,1,12,FL
441760,Lamar Institute of Technology,1,3,31,22,0,42,1,0,0,48,TX
226107,Lamar State College-Orange,0,1,18,11,0,69,0,0,0,48,TX
226116,Lamar State College-Port Arthur,0,5,31,34,0,27,2,1,0,48,TX
226091,Lamar University,0,4,24,22,0,41,3,2,4,48,TX
456214,Lamson Institute,0,1,15,64,0,18,0,2,0,48,TX
226125,Laredo Beauty College Inc,0,0,0,100,0,0,0,0,0,48,TX
486503,Laredo CHI Academy Beauty School,0,0,0,100,0,0,0,0,0,48,TX
226134,Laredo College,0,0,0,97,0,2,0,1,0,48,TX
498234,Larkin University,1,14,15,51,0,16,2,2,0,12,FL
485485,Latin Beauty Academy,0,0,6,83,0,2,0,0,8,12,FL
192323,Le Moyne College,0,4,7,7,0,75,3,3,2,36,NY
226204,Lee College,0,2,14,47,0,32,3,2,0,48,TX
484172,Lee Professional Institute,0,0,0,100,0,0,0,0,0,12,FL
497365,Legends Barber College,0,0,56,22,0,13,9,0,0,48,TX
441618,Leon Studio One School of Beauty Knowledge,0,0,5,22,0,70,0,0,3,36,NY
226231,LeTourneau University,0,1,6,9,0,38,4,39,4,48,TX
427335,Lia Schorr Institute of Cosmetic Skin Care Training,0,3,26,11,0,14,45,2,0,36,NY
192271,LIM College,1,7,22,18,0,38,0,3,11,36,NY
226277,Lincoln College of Technology-Grand Prairie,0,2,15,36,0,25,2,20,0,48,TX
449320,Lincoln Technical Institute-Whitestone,0,8,30,42,0,7,4,7,0,36,NY
135294,Lindsey Hopkins Technical College,0,0,54,28,1,9,1,0,7,12,FL
135276,Lively Technical College,0,2,42,5,0,48,3,0,0,12,FL
227182,Lone Star College System,0,8,14,38,0,30,4,2,4,48,TX
383297,Long Island Beauty School-Hauppauge,1,1,12,30,0,51,1,3,2,36,NY
192484,Long Island Beauty School-Hempstead,0,3,55,27,1,7,1,3,3,36,NY
192509,Long Island Business Institute,0,53,10,30,0,4,1,0,2,36,NY
461838,Long Island Nail Skin & Hair Institute,1,1,30,27,0,36,4,1,0,36,NY
192448,Long Island University,0,11,11,14,0,45,2,13,4,36,NY
135337,Loraines Academy & Spa,0,1,35,13,0,45,3,3,0,12,FL
133155,Lorenzo Walker Technical College,0,1,18,49,0,25,2,0,4,12,FL
226383,Lubbock Christian University,1,1,5,21,0,65,1,4,2,48,TX
132657,Lynn University,0,2,13,18,0,42,3,7,16,12,FL
481003,M T Training Center,0,4,48,30,0,17,1,0,0,48,TX
441414,M-DCPS The English Center,0,0,3,67,0,1,0,0,28,12,FL
192624,Machzikei Hadath Rabbinical College,0,0,0,0,0,99,0,0,1,36,NY
379621,Madison Oneida BOCES-Practical Nursing Program,4,0,32,7,0,51,6,0,0,36,NY
135407,Manatee Technical College,0,1,11,36,0,44,5,0,3,12,FL
192688,Mandl School-The College of Allied Health,0,7,47,38,0,6,0,2,0,36,NY
192703,Manhattan College,0,4,7,25,0,47,3,9,4,36,NY
420981,Manhattan School of Computer Technology,0,13,24,18,0,25,0,18,0,36,NY
192712,Manhattan School of Music,1,6,4,7,0,29,2,3,48,36,NY
192749,Manhattanville College,0,2,8,21,0,55,2,11,2,36,NY
490674,Manuel and Theresa's School of Hair Design,0,0,40,40,0,20,0,0,0,48,TX
451547,Manuel and Theresa's School of Hair Design-Bryan,0,0,34,38,0,28,0,0,0,48,TX
470296,Manuel and Theresa's School of Hair Design-Victoria,0,0,9,83,0,9,0,0,0,48,TX
192785,Maria College of Albany,0,3,9,5,0,36,2,41,4,36,NY
495183,Mariano Moreno Culinary Institute,0,0,6,57,1,4,0,0,33,12,FL
192800,Marion S Whelan School of Nursing of Geneva General Hospital,0,13,22,0,0,65,0,0,0,36,NY
419226,Marion Technical College,0,1,21,22,0,52,3,0,0,12,FL
192819,Marist College,0,4,4,11,0,65,3,10,4,36,NY
192864,Marymount Manhattan College,0,3,11,20,0,52,6,5,2,36,NY
484039,McDougle Technical  Institute,0,0,81,12,0,5,0,0,2,12,FL
493549,MCI,0,0,0,100,0,0,0,0,0,48,TX
226578,McLennan Community College,0,4,12,30,0,49,4,1,0,48,TX
226587,McMurry University,1,1,16,31,0,44,2,5,1,48,TX
490328,Mechon L'hoyroa,0,0,0,0,0,100,0,0,0,36,NY
488059,Med Academy,0,0,5,86,0,8,0,0,0,12,FL
192925,Medaille University,2,2,19,3,0,58,0,16,0,36,NY
455336,MediaTech Institute-Dallas,0,0,58,10,0,25,0,5,0,48,TX
456153,MediaTech Institute-Houston,0,0,55,15,0,26,0,4,0,48,TX
455831,Medical Institute of Palm Beach,0,0,51,36,0,12,0,1,0,12,FL
497204,Mei Barber School,0,0,0,87,0,0,0,0,13,48,TX
192970,Memorial Hospital School of Radiation Therapy Technology,0,14,11,11,0,64,0,0,0,36,NY
193016,Mercy College,0,5,24,39,0,24,2,4,2,36,NY
419217,Mercy Hospital School of Practical Nursing,0,0,24,66,0,4,3,3,0,12,FL
244279,Meridian College,0,1,22,25,0,51,0,0,0,12,FL
427308,Merkaz Bnos-Business School,0,75,0,1,0,25,0,0,0,36,NY
135559,Merryfield School of Pet Grooming,0,0,9,68,0,22,1,1,0,12,FL
193061,Mesivta of Eastern Parkway-Yeshiva Zichron Meilech,0,0,0,0,0,98,0,0,2,36,NY
193052,Mesivta Torah Vodaath Rabbinical Seminary,0,0,0,0,0,100,0,0,0,36,NY
193070,Mesivtha Tifereth Jerusalem of America,0,0,0,21,0,79,0,0,0,36,NY
417752,Messenger College,0,0,3,27,0,58,9,3,0,48,TX
190114,Metropolitan College of New York,0,3,53,30,0,6,3,3,3,36,NY
441575,Metropolitan Learning Institute,0,65,0,34,0,1,0,0,0,36,NY
428000,Miami Ad School,0,2,11,35,0,33,0,4,14,12,FL
476355,Miami Ad School-New York,0,10,8,14,0,49,0,5,14,36,NY
135717,Miami Dade College,0,1,16,70,0,5,1,1,6,12,FL
224776,Miami International University of Art & Design-Art Institute Dallas,1,2,31,25,1,27,7,2,3,48,TX
135647,Miami Lakes Educational Center and Technical College,0,1,39,43,0,13,1,0,4,12,FL
480851,Miami Media School,0,0,17,74,0,6,3,0,0,12,FL
451103,Miami Regional University,0,0,7,90,0,3,0,0,0,12,FL
494728,Michael's Barber & Hair Stylist Academy,0,5,75,18,1,1,0,0,0,48,TX
423412,Mid Cities Barber College,0,0,46,44,2,6,2,0,0,48,TX
226806,Midland College,0,3,5,51,0,33,2,2,4,48,TX
193186,Midway Paris Beauty School,0,0,0,0,0,0,0,0,0,36,NY
226833,Midwestern State University,1,4,14,22,0,48,4,1,7,48,TX
460534,Milan Institute of Cosmetology-El Paso,1,1,6,87,0,5,0,1,0,48,TX
449904,Milan Institute of Cosmetology-San Antonio Military,0,0,11,79,0,7,3,0,0,48,TX
440855,Milan Institute-Amarillo,0,0,11,53,0,30,3,1,1,48,TX
437778,Milan Institute-San Antonio Ingram,0,1,11,71,0,11,6,0,0,48,TX
193201,Mildred Elley School-Albany Campus,0,1,23,4,0,47,0,25,0,36,NY
461014,Mildred Elley-New York Campus,0,1,51,15,0,22,0,10,0,36,NY
461883,Millennia Atlantic University,0,0,1,14,0,0,0,0,86,12,FL
491394,Miller-Motte College-Edge Tech Academy,0,4,42,32,2,10,6,4,0,48,TX
456931,Miller-Motte College-STVT-Corpus Christi,1,0,5,66,0,20,6,1,0,48,TX
228219,Miller-Motte College-STVT-McAllen,0,0,1,76,0,21,2,0,0,48,TX
460172,Miller-Motte College-STVT-San Antonio,0,1,8,66,1,19,4,1,0,48,TX
193247,Mirrer Yeshiva Cent Institute,0,0,0,0,0,93,0,0,7,36,NY
488299,Mission Beauty Institute,0,15,0,84,0,1,0,0,0,48,TX
193265,Modern Welding School,3,1,8,1,0,86,1,0,0,36,NY
193283,Mohawk Valley Community College,0,6,7,8,0,68,3,7,1,36,NY
193292,Molloy College,0,7,9,17,0,62,2,1,1,36,NY
451459,Monroe 2 Orleans BOCES-Center for Workforce Development,1,3,29,11,1,38,4,14,0,36,NY
193308,Monroe College,0,3,34,43,0,3,1,0,15,36,NY
193326,Monroe Community College,0,5,15,11,0,62,4,2,1,36,NY
493655,Montana Barber Institute,0,3,32,62,0,3,0,0,0,48,TX
193380,Montefiore School of Nursing,0,7,38,30,0,9,2,14,0,36,NY
483470,More Tech Institute,0,0,0,50,0,0,0,0,50,12,FL
193353,Mount Saint Mary College,0,3,10,20,0,54,2,11,0,36,NY
491589,Mystros Barber Academy,5,0,63,16,5,8,0,3,0,48,TX
193478,Nassau Community College,0,8,19,29,0,35,2,6,0,36,NY
378956,National Aviation Academy of Tampa Bay,1,2,12,17,0,50,7,10,0,12,FL
488280,National Personal Training Institute,0,0,27,30,0,33,10,0,1,12,FL
490018,National Personal Training Institute-Tampa,0,0,35,25,0,31,8,0,0,12,FL
375106,National Tractor Trailer School Inc-Buffalo,0,4,40,9,0,47,0,0,0,36,NY
367334,National Tractor Trailer School Inc-Liverpool,1,4,23,8,0,54,0,10,0,36,NY
488110,Natural Images Beauty College,0,0,14,38,0,47,1,0,0,48,TX
227146,Navarro College,0,1,17,16,0,57,4,2,1,48,TX
193584,Nazareth College,0,2,5,6,0,78,3,4,1,36,NY
483513,Neecee's Barber College,0,0,29,46,0,16,9,0,0,48,TX
193609,Neighborhood Playhouse School of the Theater,0,5,5,11,0,48,2,9,20,36,NY
449685,New Age Training,0,2,48,41,0,4,0,5,0,36,NY
262129,New College of Florida,0,4,5,19,0,63,5,1,3,12,FL
439774,New Concept Massage and Beauty School,0,0,0,100,0,0,0,0,0,12,FL
434469,New Professions Technical Institute,0,0,0,100,0,0,0,0,0,12,FL
366368,New York Academy of Art,2,4,6,5,0,45,6,2,30,36,NY
440262,New York Automotive and Diesel Institute,2,11,37,31,0,5,1,11,0,36,NY
418126,New York College of Health Professions,0,26,15,16,0,31,0,7,4,36,NY
194073,New York College of Podiatric Medicine,0,39,12,9,0,30,3,2,4,36,NY
439783,New York College of Traditional Chinese Medicine,0,78,2,3,0,6,0,1,9,36,NY
421841,New York Conservatory for Dramatic Arts,1,1,22,22,0,36,6,2,11,36,NY
481243,New York Institute of Beauty,0,2,11,30,0,52,3,3,0,36,NY
431071,New York Institute of Massage Inc,2,0,22,11,0,61,4,0,0,36,NY
194091,New York Institute of Technology,0,23,9,14,0,31,3,7,13,36,NY
193821,New York Law School,0,6,4,12,0,65,3,6,3,36,NY
457800,New York Medical Career Training Center,0,30,21,30,0,14,4,1,0,36,NY
193830,New York Medical College,0,19,9,11,0,43,3,9,7,36,NY
193858,New York School for Medical and Dental Assistants,0,7,23,61,0,7,1,2,0,36,NY
475404,New York School of Esthetics & Day Spa,0,1,20,30,0,32,5,11,0,36,NY
194116,New York School of Interior Design,0,6,4,11,0,49,2,14,13,36,NY
493798,New York Seminary,0,0,0,0,0,100,0,0,0,36,NY
193894,New York Theological Seminary,0,6,62,18,0,5,0,8,1,36,NY
193900,New York University,0,15,7,12,0,26,3,5,31,36,NY
498216,NEXUS University,0,0,0,0,0,0,0,0,0,12,FL
193946,Niagara County Community College,1,2,9,5,0,75,5,2,1,36,NY
193973,Niagara University,0,1,5,4,0,61,2,4,22,36,NY
461795,North American University,0,9,19,6,0,30,0,6,29,48,TX
224110,North Central Texas College,1,5,9,24,0,55,4,1,2,48,TX
194028,North Country Community College,4,1,6,2,1,81,0,5,0,36,NY
136145,North Florida College,0,1,25,8,0,63,1,1,0,12,FL
447892,North Florida Cosmetology Institute,0,0,82,4,0,11,3,0,0,12,FL
132675,North Florida Technical College,0,1,42,2,0,54,1,0,0,12,FL
193751,Northeast College of Health Sciences,0,5,4,3,0,61,6,4,16,36,NY
488730,Northeast Lakeview College,0,3,10,57,0,25,4,1,0,48,TX
227225,Northeast Texas Community College,1,1,11,32,0,50,2,0,2,48,TX
439817,Northeastern Seminary,0,1,28,6,0,60,2,0,2,36,NY
369686,Northwest Educational Center,0,1,40,46,0,4,3,0,7,48,TX
136233,Northwest Florida State College,0,3,8,12,0,65,6,4,1,12,FL
420398,Northwest Vista College,0,3,7,65,0,20,4,1,0,48,TX
409032,Nouvelle Institute,0,0,0,100,0,0,0,0,0,12,FL
136215,Nova Southeastern University,0,9,17,32,0,30,3,4,4,12,FL
377272,Nuvani Institute,0,0,20,69,0,11,0,0,0,48,TX
377281,Nuvani Institute,0,5,15,63,0,17,0,0,0,48,TX
227289,Oblate School of Theology,0,4,10,39,0,20,0,0,26,48,TX
227298,Ocean Corporation,1,1,15,19,0,56,8,0,0,48,TX
227304,Odessa College,0,1,8,62,0,22,0,5,0,48,TX
227313,Ogle School Hair Skin Nails-Arlington,1,1,50,28,0,14,5,2,0,48,TX
381404,Ogle School Hair Skin Nails-Dallas,1,1,53,31,0,9,5,1,0,48,TX
478591,Ogle School Hair Skin Nails-Denton,1,0,22,26,0,43,6,1,0,48,TX
227322,Ogle School Hair Skin Nails-Ft Worth,0,1,24,30,0,38,6,1,0,48,TX
248703,Ogle School Hair Skin Nails-Hurst,1,4,26,30,1,31,7,1,0,48,TX
460978,Ogle School Hair Skin Nails-North Dallas,1,2,50,20,0,18,7,1,0,48,TX
480125,Ogle School Hair Skin Nails-San Antonio,0,1,15,62,0,15,5,1,0,48,TX
484604,Ogle School Hair Skin Nails-Stafford,0,2,56,26,0,8,5,2,0,48,TX
497073,Ogle School Hair Skin Nails-Willowbrook,0,2,56,26,0,8,5,2,0,48,TX
493646,Ohel Margulia Seminary,0,0,0,0,0,100,0,0,0,36,NY
194189,Ohr Hameir Theological Seminary,0,0,0,0,0,96,0,0,4,36,NY
433068,Okaloosa Technical College,2,3,14,8,0,66,5,0,0,12,FL
194222,Onondaga Community College,1,3,11,5,0,43,3,33,1,36,NY
440730,Onondaga Cortland Madison BOCES,1,3,31,3,0,56,5,0,0,36,NY
194240,Orange County Community College,0,3,12,22,0,46,3,13,0,36,NY
136303,Orange Technical College,0,4,51,24,1,14,0,0,7,12,FL
138488,Orange Technical College-East Campus,0,4,25,41,1,27,2,0,0,12,FL
135735,Orange Technical College-Mid Florida Campus,1,3,20,42,0,32,0,0,2,12,FL
138372,Orange Technical College-Westside Campus,1,4,29,31,1,33,1,0,1,12,FL
417992,Orange Ulster BOCES-Practical Nursing Program,0,2,20,33,0,45,0,0,0,36,NY
441593,Orleans Niagara BOCES-Practical Nursing Program,4,0,38,0,0,58,0,0,0,36,NY
407434,Orlo School of Hair Design and Cosmetology,0,0,19,2,0,74,2,3,0,36,NY
427991,Osceola Technical College,0,2,14,61,0,20,2,0,0,12,FL
194259,Otsego Area BOCES-Practical Nursing Program,0,0,6,3,0,88,3,0,0,36,NY
227331,Our Lady of the Lake University,0,1,11,64,0,15,0,8,1,48,TX
194310,Pace University,0,7,11,16,0,44,4,5,14,36,NY
414595,Pacific College of Health and Science,0,19,9,12,0,36,5,19,0,36,NY
449490,Palm Beach Academy of Health & Beauty,3,2,67,8,0,14,1,5,0,12,FL
136330,Palm Beach Atlantic University,0,2,11,18,0,52,2,9,6,12,FL
136358,Palm Beach State College,0,3,28,32,0,29,3,3,1,12,FL
246354,Palo Alto College,0,2,5,74,0,15,3,1,0,48,TX
227386,Panola College,0,1,18,16,0,52,2,10,1,48,TX
227401,Paris Junior College,1,1,10,19,0,62,4,1,1,48,TX
483896,Parisian Spa Institute,0,2,57,11,0,27,1,1,0,12,FL
243823,Parker University,2,6,17,11,0,52,2,10,0,48,TX
136400,Pasco-Hernando State College,0,4,7,14,0,58,1,15,0,12,FL
434283,Pathway Vocational Academy,0,2,56,5,0,32,2,3,0,48,TX
475486,Paul Mitchell the School-Arlington,1,2,29,27,0,34,6,1,0,48,TX
451565,Paul Mitchell the School-Austin,0,3,21,22,0,44,6,4,0,48,TX
488989,Paul Mitchell the School-Clear Lake,1,1,16,37,0,42,3,0,0,48,TX
224156,Paul Mitchell the School-Dallas,1,1,28,25,0,38,6,0,0,48,TX
495369,Paul Mitchell the School-Fort Lauderdale,1,1,35,25,0,24,5,9,0,12,FL
475547,Paul Mitchell the School-Fort Myers,1,0,5,17,1,57,19,1,0,12,FL
249238,Paul Mitchell the School-Houston,1,2,36,31,0,27,1,1,0,48,TX
136109,Paul Mitchell the School-Jacksonville,0,1,21,6,0,68,2,2,0,12,FL
451121,Paul Mitchell the School-Miami,2,1,9,64,1,18,1,4,0,12,FL
457855,Paul Mitchell the School-NYC,0,1,15,24,1,48,1,10,0,36,NY
445212,Paul Mitchell the School-Orlando,0,1,10,28,1,37,4,19,0,12,FL
451714,Paul Mitchell the School-San Antonio,0,2,11,53,0,25,9,0,0,48,TX
484011,Paul Mitchell the School-Schenectady,0,0,7,8,0,50,8,26,0,36,NY
449959,Paul Mitchell the School-Tampa,0,1,18,11,1,53,7,8,0,12,FL
227429,Paul Quinn College,1,1,53,10,0,20,13,2,0,48,TX
194392,Paul Smiths College of Arts and Science,1,1,4,1,0,76,1,14,1,36,NY
369783,PCI Health Training Center,1,1,29,61,0,3,3,3,0,48,TX
495244,Pearlands Innovative School of Beauty,0,0,68,27,0,5,0,0,0,48,TX
490735,Peloton College,0,1,48,40,0,9,2,0,0,48,TX
459514,Peloton College,1,1,51,39,0,8,1,0,0,48,TX
449533,Pensacola School of Massage Therapy & Health Careers,1,1,49,5,1,38,5,0,0,12,FL
136473,Pensacola State College,1,2,18,9,0,61,7,0,2,12,FL
491534,Pets Playground Grooming School,0,7,0,25,7,54,4,4,0,12,FL
189282,Phillips School of Nursing at Mount Sinai Beth Israel,0,19,18,16,2,43,3,0,0,36,NY
488147,PiBerry Institute,0,0,38,53,0,1,0,0,8,12,FL
486813,Pima Medical Institute-El Paso,1,1,4,76,0,16,3,0,0,48,TX
460136,Pima Medical Institute-Houston,0,9,20,48,0,18,4,1,0,48,TX
494588,Pima Medical Institute-San Antonio,0,1,9,63,0,20,7,0,0,48,TX
136491,Pinellas Technical College-Clearwater,0,3,19,20,1,51,4,0,1,12,FL
137087,Pinellas Technical College-St. Petersburg,0,3,38,13,0,42,3,0,1,12,FL
418913,Pipo Academy of Hair Design,0,0,7,93,0,0,0,0,0,48,TX
194499,Plaza College,0,12,32,33,0,13,10,0,0,36,NY
136516,Polk State College,0,3,17,27,0,47,4,1,1,12,FL
456481,Polytechnic University of Puerto Rico-Miami,0,1,1,96,0,1,0,0,0,12,FL
456490,Polytechnic University of Puerto Rico-Orlando,0,0,2,95,1,2,1,0,0,12,FL
190451,Pomeroy College of Nursing at Crouse Hospital,2,3,11,2,0,67,9,7,0,36,NY
227526,Prairie View A & M University,0,1,84,8,0,1,2,1,3,48,TX
194578,Pratt Institute-Main,0,13,4,10,0,32,3,3,35,36,NY
430582,Praxis Institute,0,0,0,100,0,0,0,0,0,12,FL
498410,Premier Barber School,1,5,16,68,0,4,2,4,0,48,TX
493488,Premiere International College,0,7,74,19,0,0,0,0,0,12,FL
481368,Prestige Health & Beauty Sciences Academy,0,13,1,11,0,74,1,0,0,12,FL
495138,Professional Culinary Academy,0,0,75,9,0,9,0,6,0,36,NY
439507,Quest College,0,0,14,47,0,5,2,31,0,48,TX
194657,Rabbinical Academy Mesivta Rabbi Chaim Berlin,0,0,0,0,0,99,0,0,1,36,NY
194693,Rabbinical College Beth Shraga,0,0,0,0,0,95,0,0,5,36,NY
194666,Rabbinical College Bobover Yeshiva Bnei Zion,0,0,0,0,0,98,0,0,2,36,NY
194736,Rabbinical College of Long Island,0,0,0,0,0,98,0,0,2,36,NY
405854,Rabbinical College of Ohr Shimon Yisroel,0,0,0,0,0,100,0,0,0,36,NY
484871,Rabbinical College Ohr Yisroel,0,0,0,0,0,100,0,0,0,36,NY
194763,Rabbinical Seminary of America,0,0,0,0,0,100,0,0,0,36,NY
136659,Radford M Locklin Technical College,1,1,8,6,0,81,4,0,0,12,FL
227687,Ranger College,0,1,3,31,0,59,3,1,2,48,TX
138309,Rasmussen University-Florida,1,3,23,17,0,40,3,14,0,12,FL
497462,RCCGNA Seminary,0,0,90,0,0,0,0,0,10,48,TX
475033,Relay Graduate School of Education,0,5,38,20,0,28,3,1,4,36,NY
223463,Remington College-Dallas Campus,1,1,45,36,0,15,2,0,0,48,TX
377111,Remington College-Fort Worth Campus,0,1,41,21,0,15,21,0,1,48,TX
451857,Remington College-Houston Southeast Campus,1,1,37,37,0,22,3,0,0,48,TX
445203,Remington College-North Houston Campus,0,1,50,40,0,7,1,0,0,48,TX
194824,Rensselaer Polytechnic Institute,0,16,5,10,0,42,5,4,18,36,NY
227757,Rice University,0,20,7,12,0,30,3,2,25,48,TX
136765,Ridge Technical College,1,1,18,37,0,39,3,0,1,12,FL
136774,Ringling College of Art and Design,0,10,3,14,0,44,5,3,21,12,FL
476726,Rio Grande Valley College,0,0,1,98,0,1,0,0,0,48,TX
137713,Riveroak Technical College,1,0,26,13,0,59,0,0,0,12,FL
186274,Robert Fiance Beauty Schools,0,1,18,44,0,29,2,2,3,12,FL
136826,Robert Morgan Educational Center and Technical College,0,1,22,66,0,8,1,0,2,12,FL
194958,Roberts Wesleyan University,0,3,13,7,0,70,3,1,2,36,NY
195003,Rochester Institute of Technology,0,9,4,7,0,53,4,11,12,36,NY
195058,Rockland Community College,0,5,18,29,0,30,2,14,1,36,NY
418083,Rockland County BOCES-Practical Nursing Program,0,2,58,19,0,17,0,4,0,36,NY
136950,Rollins College,0,4,6,19,0,56,4,2,9,12,FL
495165,Royal Learning Institute,0,6,19,75,0,0,0,0,0,36,NY
495396,Royal Learning Institute,0,7,32,61,0,0,0,0,0,36,NY
496052,Ruben's Five Star Academy,0,0,32,61,0,7,0,0,0,12,FL
195128,Russell Sage College,0,5,11,10,0,61,3,9,1,36,NY
449506,SABER College,0,0,3,97,0,0,0,0,1,12,FL
476966,SAE Institute of Technology-Miami,0,0,0,0,0,0,0,0,0,12,FL
459462,SAE Institute of Technology-New York,0,0,0,0,0,0,0,0,0,36,NY
227845,Saint Edward's University,0,3,5,46,0,37,3,1,5,48,TX
195702,Saint Elizabeth College of Nursing,0,4,3,2,1,87,3,1,0,36,NY
137281,Saint Johns River State College,0,3,10,13,0,65,4,3,0,12,FL
137032,Saint Leo University,0,2,24,14,0,29,2,24,4,12,FL
136701,Saint Vincent de Paul Regional Seminary,0,5,0,23,1,48,1,0,22,12,FL
195580,Saint Vladimirs Orthodox Theological Seminary,0,14,2,2,0,64,1,0,16,36,NY
459532,Salon & Spa Institute,0,0,0,99,0,1,0,0,0,48,TX
485874,Salon Boutique Academy,0,4,28,42,0,26,0,0,0,48,TX
491835,Salon Professional Academy of San Antonio,1,3,12,37,0,36,12,0,0,48,TX
497222,Salon Professional Academy-Elevate Salon Institute,0,4,6,26,2,49,9,4,0,12,FL
227881,Sam Houston State University,1,2,16,26,0,48,3,2,1,48,TX
195289,Samaritan Hospital School of Nursing,1,6,17,4,0,67,1,4,0,36,NY
227924,San Antonio College,0,2,7,66,0,20,3,0,0,48,TX
486239,San Ignacio University,0,1,0,34,0,1,0,1,63,12,FL
227979,San Jacinto Community College,0,6,10,61,0,19,2,1,1,48,TX
137096,Santa Fe College,0,4,13,20,0,54,4,3,2,12,FL
195304,Sarah Lawrence College,0,4,5,9,0,56,5,13,8,36,NY
406149,Sarasota School of Massage Therapy,0,2,12,18,0,63,3,2,0,12,FL
195322,Schenectady County Community College,1,12,12,7,0,62,3,2,0,36,NY
404338,Schiller International University,0,8,13,10,0,27,0,42,0,12,FL
377218,School of Automotive Machinists & Technology,4,2,6,30,0,53,5,0,1,48,TX
392354,School of Professional Horticulture  New York Botanical Garden,0,5,0,11,0,79,0,0,5,36,NY
197151,School of Visual Arts,0,14,3,9,0,18,0,2,54,36,NY
228042,Schreiner University,0,1,4,36,0,54,3,0,1,48,TX
406325,Schuyler Steuben Chemung Tioga Allegany BOCES,1,0,7,2,0,80,10,0,0,36,NY
369695,Sebring Career Schools-Houston,0,77,5,15,0,3,0,0,0,48,TX
246406,Sebring Career Schools-Huntsville,0,0,16,21,0,63,0,0,0,48,TX
368540,Seguin Beauty School-New Braunfels,0,0,2,38,0,60,0,0,0,48,TX
228088,Seguin Beauty School-Seguin,0,0,0,49,0,51,0,0,0,48,TX
386153,Seminar L'moros Bais Yaakov,0,0,0,0,0,100,0,0,0,36,NY
137209,Seminole State College of Florida,0,4,16,28,0,44,4,2,2,12,FL
195438,Sh'or Yoshuv Rabbinical College,0,0,0,0,0,96,0,0,4,36,NY
481331,Sharp Edgez Barber Institute,0,1,52,18,0,25,4,1,0,36,NY
412544,Shear Ego International School of Hair Design,0,2,19,13,2,56,7,1,0,36,NY
451167,Shear Excellence Hair Academy,1,0,24,50,0,11,1,14,0,12,FL
480842,Shear Finesse Beauty Academy,0,4,80,11,0,4,2,0,0,12,FL
137245,Sheridan Technical College,1,2,50,27,0,15,2,0,3,12,FL
195474,Siena College,0,5,4,9,0,75,3,2,3,36,NY
195526,Skidmore College,0,6,5,11,0,62,5,2,9,36,NY
481094,Sotheby's Institute of Art-NY,0,35,1,11,0,46,0,7,0,36,NY
488891,South Dade Technical College-South Dade Skills Center Campus,0,0,30,66,0,2,1,0,0,12,FL
366003,South Florida Bible College and Theological Seminary,0,2,21,20,0,23,1,3,29,12,FL
443252,South Florida Institute of Technology,0,0,0,100,0,0,0,0,0,12,FL
137315,South Florida State College,0,2,10,39,0,41,2,4,1,12,FL
228158,South Plains College,1,2,7,48,0,42,0,0,0,48,TX
228185,South Texas Barber College Inc,0,0,0,100,0,0,0,0,0,48,TX
409315,South Texas College,0,1,0,95,0,2,0,1,0,48,TX
228194,South Texas College of Law Houston,0,8,8,28,0,50,3,3,1,48,TX
455974,South Texas Training Center,0,0,0,97,0,1,0,2,0,48,TX
456922,South Texas Vocational Technical Institute-Brownsville,0,0,1,93,0,4,1,0,0,48,TX
228200,South Texas Vocational Technical Institute-Weslaco,0,0,1,92,0,4,3,0,0,48,TX
480073,South University-Austin,0,5,30,30,1,27,2,2,3,48,TX
449898,South University-Tampa,0,4,27,31,1,33,1,2,1,12,FL
133465,South University-West Palm Beach,0,4,46,22,1,23,2,3,1,12,FL
449807,Southeast Texas Career Institute,0,0,22,4,0,74,0,0,0,48,TX
428170,Southeastern College-West Palm Beach,0,1,44,23,0,12,0,19,0,12,FL
137564,Southeastern University,1,2,12,22,0,52,3,2,5,12,FL
226903,Southern Careers Institute-Austin,1,2,20,41,1,30,4,1,0,48,TX
459967,Southern Careers Institute-Brownsville,0,0,1,70,0,29,0,0,0,48,TX
405076,Southern Careers Institute-Corpus Christi,0,1,4,56,0,37,1,1,0,48,TX
459985,Southern Careers Institute-Harlingen,0,0,1,71,0,28,0,0,0,48,TX
408385,Southern Careers Institute-Pharr,0,0,1,85,0,14,0,0,0,48,TX
482015,Southern Careers Institute-San Antonio,1,1,12,53,0,29,3,0,0,48,TX
430245,Southern Careers Institute-San Antonio,0,1,9,72,0,15,2,1,0,48,TX
493992,Southern Careers Institute-Waco,0,0,35,29,1,31,2,2,0,48,TX
228246,Southern Methodist University,0,8,7,14,0,57,4,1,8,48,TX
446552,Southern Technical College,0,1,24,42,0,30,1,0,0,12,FL
366553,Southern Technical College,0,1,25,30,0,40,2,1,0,12,FL
481322,Southern Texas Careers Academy,0,0,0,100,0,0,0,0,0,48,TX
382911,Southwest College for the Deaf,0,4,9,54,0,28,2,0,2,48,TX
228282,Southwest School of Business and Technical Careers-San Antonio,0,4,20,57,0,19,0,0,0,48,TX
228316,Southwest Texas Junior College,0,0,1,87,0,10,1,1,0,48,TX
451556,Southwest University at El Paso,0,1,5,86,0,7,0,0,0,48,TX
228468,Southwestern Adventist University,0,7,12,41,1,25,5,7,3,48,TX
228325,Southwestern Assemblies of God University,3,1,13,22,0,53,5,0,1,48,TX
228486,Southwestern Christian College,0,0,88,4,1,2,5,1,0,48,TX
228343,Southwestern University,0,4,5,26,0,58,5,0,1,48,TX
195155,St Bernard's School of Theology and Ministry,0,5,3,14,0,72,1,0,5,36,NY
195164,St Bonaventure University,0,3,6,7,0,75,3,2,3,36,NY
195216,St Lawrence University,0,2,3,6,0,76,2,1,9,36,NY
189811,St Paul's School of Nursing-Queens,1,14,39,23,1,10,5,8,0,36,NY
195784,St Paul's School of Nursing-Staten Island,0,6,31,20,0,31,5,5,0,36,NY
137078,St Petersburg College,0,4,14,17,0,58,4,2,1,12,FL
227854,St Philip's College,0,2,9,62,0,20,4,2,0,48,TX
195173,St. Francis College,1,4,23,26,1,22,3,4,17,36,NY
195720,St. John Fisher University,0,4,6,6,0,79,2,3,0,36,NY
137272,St. John Vianney College Seminary,0,4,4,35,0,35,0,0,23,12,FL
195809,St. John's University-New York,0,13,10,18,0,47,4,4,3,36,NY
195191,St. Joseph's College of Nursing,0,7,7,2,0,76,3,6,0,36,NY
195544,St. Joseph's University-New York,0,3,10,17,0,56,2,9,1,36,NY
228149,St. Mary's University,0,3,4,58,0,23,1,6,6,48,TX
192961,St. Peter's Hospital College of Nursing,0,9,22,5,0,57,0,7,0,36,NY
195243,St. Thomas Aquinas College,0,5,11,17,0,57,3,3,4,36,NY
137476,St. Thomas University,0,1,23,47,0,13,2,8,6,12,FL
135391,State College of Florida-Manatee-Sarasota,1,3,9,22,0,57,1,5,2,12,FL
196176,State University of New York at New Paltz,0,4,6,20,0,59,3,3,3,36,NY
196194,State University of New York at Oswego,0,3,10,12,0,68,3,1,3,36,NY
228431,Stephen F Austin State University,1,1,13,20,0,58,4,1,1,48,TX
137546,Stetson University,0,3,10,18,0,57,5,2,5,12,FL
196097,Stony Brook University,0,22,6,12,0,31,2,15,12,36,NY
491066,Strand Institute of Beauty & Esthetics,0,1,1,56,0,25,17,0,0,48,TX
449038,Strayer University-Florida,0,1,51,16,0,25,4,2,0,12,FL
458973,Strayer University-Texas,1,1,54,18,0,21,4,1,0,48,TX
430564,Studio Jewelers,0,14,14,18,0,53,0,0,2,36,NY
366395,Suffolk County Community College,0,5,8,30,0,51,2,4,0,36,NY
228501,Sul Ross State University,0,0,4,67,0,24,3,1,0,48,TX
195988,Sullivan County Community College,0,2,13,28,0,47,4,5,1,36,NY
457420,Summit Salon Academy,0,2,13,26,0,54,2,3,0,12,FL
457439,Summit Salon Academy-Gainesville,0,1,32,14,0,45,6,2,0,12,FL
137120,Suncoast Technical College,0,1,9,24,0,62,3,0,0,12,FL
372718,Sunstate Academy,0,0,0,0,0,0,0,0,0,12,FL
188438,SUNY Adirondack,0,2,4,4,0,84,3,3,1,36,NY
196060,SUNY at Albany,0,8,16,15,0,45,4,5,7,36,NY
196158,SUNY at Fredonia,1,1,7,10,0,71,4,4,2,36,NY
196219,SUNY at Purchase College,0,5,12,25,0,50,6,1,2,36,NY
196121,SUNY Brockport,0,2,11,7,0,72,2,4,1,36,NY
189547,SUNY Broome Community College,0,5,11,10,0,63,4,5,1,36,NY
196130,SUNY Buffalo State University,0,5,26,11,0,52,4,0,1,36,NY
196167,SUNY College at Geneseo,0,4,4,7,0,78,1,5,1,36,NY
196237,SUNY College at Old Westbury,0,12,24,27,0,31,3,1,2,36,NY
196246,SUNY College at Plattsburgh,0,2,10,12,0,66,2,3,4,36,NY
196200,SUNY College at Potsdam,2,2,9,10,0,71,3,3,1,36,NY
196033,SUNY College of Agriculture and Technology at Cobleskill,0,2,11,12,0,69,3,3,1,36,NY
196103,SUNY College of Environmental Science and Forestry,1,3,2,7,0,72,4,5,6,36,NY
196228,SUNY College of Optometry,0,43,4,6,0,38,1,0,7,36,NY
196006,SUNY College of Technology at Alfred,0,2,13,11,0,69,4,0,1,36,NY
196015,SUNY College of Technology at Canton,1,2,11,9,0,60,2,13,1,36,NY
196024,SUNY College of Technology at Delhi,0,3,15,17,0,58,2,5,0,36,NY
190442,SUNY Corning Community College,0,2,4,2,0,50,1,41,0,36,NY
196149,SUNY Cortland,0,1,5,12,0,76,2,3,0,36,NY
196255,SUNY Downstate Health Sciences University,0,24,24,13,0,30,2,7,1,36,NY
196291,SUNY Maritime College,0,5,5,16,0,66,2,3,2,36,NY
196051,SUNY Morrisville,0,1,24,8,0,61,3,1,2,36,NY
196185,SUNY Oneonta,1,2,5,15,0,71,2,4,0,36,NY
196112,SUNY Polytechnic Institute,0,8,7,9,0,67,3,0,6,36,NY
197294,SUNY Westchester Community College,0,4,16,38,0,33,2,5,1,36,NY
195827,SUNY-System Office,0,0,0,0,0,0,0,0,0,36,NY
196389,Swedish Institute a College of Health Sciences,0,4,41,25,0,6,4,19,0,36,NY
196413,Syracuse University,1,8,8,12,0,54,4,3,11,36,NY
137759,Tallahassee Community College,0,2,32,21,0,40,3,1,1,12,FL
137777,Talmudic College of Florida,0,0,0,0,0,91,0,0,9,12,FL
196440,Talmudical Institute of Upstate New York,0,0,0,0,0,87,0,0,13,36,NY
451404,Talmudical Seminary of Bobov,0,0,0,0,0,100,0,0,0,36,NY
196431,Talmudical Seminary Oholei Torah,0,0,0,0,0,90,0,0,10,36,NY
228529,Tarleton State University,1,1,9,22,0,63,4,1,1,48,TX
228547,Tarrant County College District,0,7,18,33,0,32,4,4,1,48,TX
449524,Taylor College,1,0,54,9,0,30,3,3,0,12,FL
196468,Teachers College at Columbia University,0,14,9,12,0,37,3,2,22,36,NY
228608,Temple College,0,2,14,32,0,43,5,4,0,48,TX
457448,Tenaj Salon Institute,0,1,32,12,0,55,0,0,0,12,FL
228699,Texarkana College,1,1,22,9,0,61,4,1,1,48,TX
226152,Texas A & M International University,0,1,2,85,0,7,0,0,4,48,TX
228723,Texas A & M University-College Station,0,10,3,22,0,53,3,1,7,48,TX
224554,Texas A & M University-Commerce,0,4,19,20,0,43,5,2,6,48,TX
224147,Texas A & M University-Corpus Christi,0,4,5,47,0,36,3,1,4,48,TX
228705,Texas A & M University-Kingsville,0,1,4,68,0,15,1,0,11,48,TX
228732,Texas A & M University-System Office,0,0,0,0,0,0,0,0,0,48,TX
483036,Texas A&M University-Central Texas,1,4,26,26,1,38,3,2,0,48,TX
459949,Texas A&M University-San Antonio,0,1,6,77,0,13,2,0,0,48,TX
224545,Texas A&M University-Texarkana,1,2,19,16,0,54,4,1,4,48,TX
440989,Texas Barber College,0,0,76,20,0,3,1,0,0,48,TX
458061,Texas Beauty College,0,55,14,25,0,6,0,0,0,48,TX
228866,Texas Chiropractic College Foundation Inc,1,9,14,8,1,50,3,15,0,48,TX
228875,Texas Christian University,0,3,5,16,0,65,4,2,5,48,TX
228884,Texas College,0,1,84,10,0,3,0,1,2,48,TX
377315,Texas College of Cosmetology-Abilene,0,1,4,38,0,48,6,3,0,48,TX
487232,Texas College of Cosmetology-Lubbock,1,1,13,54,0,32,0,0,0,48,TX
419633,Texas College of Cosmetology-San Angelo,0,2,9,56,0,33,0,0,0,48,TX
430704,Texas Health and Science University,1,29,3,11,0,14,2,6,35,48,TX
448196,Texas Health School,0,3,67,16,0,11,3,0,0,48,TX
494694,Texas Healthtech Institute,0,3,67,7,0,16,1,6,0,48,TX
228981,Texas Lutheran University,0,1,8,39,0,45,4,2,0,48,TX
229063,Texas Southern University,0,2,80,9,0,2,3,0,3,48,TX
227377,Texas Southmost College,0,0,0,94,0,2,0,2,0,48,TX
487320,Texas State Technical College,0,1,5,55,0,30,1,8,0,48,TX
228459,Texas State University,0,3,9,40,0,42,4,1,2,48,TX
229115,Texas Tech University,0,3,6,28,0,52,4,1,6,48,TX
229337,Texas Tech University Health Sciences Center,1,10,10,25,0,52,0,2,1,48,TX
492689,Texas Tech University Health Sciences Center-El Paso,0,18,5,52,0,19,2,3,0,48,TX
439154,Texas Tech University System Administration,0,0,0,0,0,0,0,0,0,48,TX
229160,Texas Wesleyan University,0,4,20,27,0,30,4,3,12,48,TX
229179,Texas Woman's University,0,10,17,28,0,39,4,1,2,48,TX
188669,The Ailey School,0,3,18,3,0,13,8,3,51,36,NY
451820,The Art Institute of Austin,1,4,22,32,0,33,5,2,2,48,TX
222938,The Art Institute of Houston,0,3,38,29,0,19,4,3,4,48,TX
458982,The Art Institute of San Antonio,1,1,20,44,0,26,4,3,2,48,TX
132408,The Baptist College of Florida,0,2,4,3,0,59,3,29,0,12,FL
444404,The Beauty Institute,0,0,38,31,0,23,0,8,0,12,FL
437635,The College of Health Care Professions-Austin,1,1,18,53,0,18,3,6,0,48,TX
480824,The College of Health Care Professions-Dallas,0,2,38,44,0,8,3,5,0,48,TX
480833,The College of Health Care Professions-Fort Worth,1,2,13,36,0,15,2,32,0,48,TX
489283,The College of Health Care Professions-McAllen Campus,0,0,0,98,0,1,0,0,0,48,TX
392257,The College of Health Care Professions-Northwest,1,1,32,43,0,16,3,3,0,48,TX
449250,The College of Health Care Professions-San Antonio,0,1,8,63,0,21,3,3,0,48,TX
492722,The College of Health Care Professions-South San Antonio,0,0,6,73,0,16,2,2,0,48,TX
447591,The College of Health Care Professions-Southwest Houston,0,2,32,49,0,7,2,7,0,48,TX
195234,The College of Saint Rose,0,3,15,6,0,52,13,7,3,36,NY
133960,The College of the Florida Keys,0,1,9,26,0,51,3,7,1,12,FL
197285,The College of Westchester,0,4,36,46,0,8,1,5,0,36,NY
190372,The Cooper Union for the Advancement of Science and Art,0,28,4,11,0,30,4,7,14,36,NY
491251,The Culinary School of Fort Worth,0,4,23,14,0,49,11,0,0,48,TX
191320,The General Theological Seminary,0,1,7,6,0,80,3,0,3,36,NY
192110,The Juilliard School,0,12,6,6,0,32,6,13,26,36,NY
454184,The King's College,1,5,7,10,0,61,3,8,5,36,NY
439701,The King's University,2,4,12,11,0,57,5,7,2,48,TX
193654,The New School,0,9,5,10,0,33,4,4,34,36,NY
193672,The New School Center for Media,0,0,23,0,0,46,31,0,0,36,NY
495305,The Professional Cosmetology Academy,0,0,0,99,0,0,0,0,1,48,TX
485953,The Recording Conservatory of Austin,0,2,26,11,0,62,0,0,0,48,TX
195049,The Rockefeller University,0,11,5,9,0,37,2,1,36,36,NY
492360,The Salon Professional Academy-Delray Beach,0,1,44,20,0,31,4,0,0,12,FL
459347,The Salon Professional Academy-Ft Myers,1,0,5,26,0,60,8,0,0,12,FL
491996,The Salon Professional Academy-Georgetown,1,4,1,13,0,65,15,0,0,48,TX
458098,The Salon Professional Academy-Lewisville,0,1,18,24,0,50,7,0,0,48,TX
385132,The Salon Professional Academy-Melbourne,1,6,21,15,2,50,5,1,0,12,FL
457837,The Salon Professional Academy-Tonawanda,1,2,24,13,0,55,5,1,0,36,NY
494603,The Southwestern Baptist Theological Seminary,1,9,4,13,0,46,1,0,27,48,TX
137847,The University of Tampa,0,2,4,12,0,65,3,7,7,12,FL
228769,The University of Texas at Arlington,0,11,15,29,0,30,3,1,11,48,TX
228778,The University of Texas at Austin,0,20,4,24,0,37,4,1,10,48,TX
228787,The University of Texas at Dallas,0,31,5,14,0,25,3,3,18,48,TX
228796,The University of Texas at El Paso,0,1,3,83,0,6,1,1,5,48,TX
229027,The University of Texas at San Antonio,0,5,8,57,0,22,3,1,3,48,TX
228802,The University of Texas at Tyler,0,5,12,23,0,52,4,1,3,48,TX
229300,The University of Texas Health Science Center at Houston,0,20,12,18,0,29,4,5,11,48,TX
228644,The University of Texas Health Science Center at San Antonio,0,15,5,37,0,35,3,2,3,48,TX
416801,The University of Texas MD Anderson Cancer Center,0,26,8,27,0,25,2,3,8,48,TX
228653,The University of Texas Medical Branch at Galveston,0,20,9,20,0,44,3,2,2,48,TX
229018,The University of Texas Permian Basin,0,3,8,31,0,48,2,5,3,48,TX
227368,The University of Texas Rio Grande Valley,0,1,1,91,0,3,0,1,2,48,TX
229090,The University of Texas System Office,0,0,0,0,0,0,0,0,0,48,TX
138354,The University of West Florida,0,4,12,12,0,61,5,3,3,12,FL
485360,The Vocational Nursing Institute Inc,0,9,51,23,0,17,0,0,0,48,TX
227058,Tint School of Makeup & Cosmetology,0,5,42,38,0,8,0,1,6,48,TX
418968,Tint School of Makeup and Cosmetology-Dallas,0,2,61,28,1,6,1,1,2,48,TX
137865,Tom P. Haney Technical College,0,0,20,6,0,68,4,0,0,12,FL
196565,Tompkins Cortland Community College,0,3,4,7,0,74,4,7,1,36,NY
436775,Toni & Guy Hairdressing Academy-Plano,1,5,4,12,0,54,1,22,1,48,TX
494719,Tonsorial Arts Barber College,0,0,76,16,0,7,1,0,0,48,TX
497392,Top of the Line Barber School,0,0,47,49,0,2,2,0,0,48,TX
196583,Torah Temimah Talmudical Seminary,0,0,0,0,0,100,0,0,0,36,NY
495235,Total Beauty Institute,0,0,93,3,0,3,0,0,0,12,FL
483735,Total Transformation Institute of Cosmetology,0,1,10,43,0,37,0,9,0,48,TX
196592,Touro University,0,9,11,12,0,53,2,10,2,36,NY
491774,Transitions Career Institute School of Nursing,0,24,65,7,4,1,0,0,0,36,NY
135522,Traviss Technical College,0,2,17,34,0,42,2,0,2,12,FL
486150,Treasure Coast Technical College,1,2,42,21,0,32,2,0,1,12,FL
450711,Trend Barber College,0,0,86,10,0,4,0,0,0,48,TX
443298,Trend Barber College,0,0,82,16,0,2,0,0,0,48,TX
447865,Trendsetters School of Beauty & Barbering,0,0,85,8,0,8,0,0,0,12,FL
402800,Tri-State Cosmetology Institute,0,0,4,81,0,12,1,1,0,48,TX
137953,Trinity Baptist College,0,2,22,10,0,59,3,2,2,12,FL
137962,Trinity College of Florida,1,3,22,20,0,44,3,5,1,12,FL
135610,Trinity International University-Florida,0,2,20,38,0,32,2,6,0,12,FL
229267,Trinity University,0,8,4,23,0,56,5,1,4,48,TX
225308,Trinity Valley Community College,0,1,14,25,0,54,1,4,1,48,TX
196653,Trocaire College,1,2,23,6,0,52,2,13,0,36,NY
486798,Tulsa Welding School-Houston,1,0,31,30,0,24,1,13,0,48,TX
442329,Tulsa Welding School-Jacksonville,1,1,31,14,1,51,1,1,0,12,FL
476063,Tulsa Welding School-Jacksonville,0,2,47,12,0,36,0,2,0,12,FL
229355,Tyler Junior College,0,2,17,25,0,49,4,2,1,48,TX
377193,UCAS University of Cosmetology Arts & Sciences,0,0,7,90,0,3,0,0,0,48,TX
407683,UCAS University of Cosmetology Arts & Sciences-Harlingen,0,0,0,100,0,0,0,0,0,48,TX
475662,UCAS University of Cosmetology Arts & Sciences-La Joya,0,0,0,98,0,2,0,0,0,48,TX
229425,UCAS University of Cosmetology Arts & Sciences-McAllen,0,0,0,100,0,0,0,0,0,48,TX
246415,UCAS University of Cosmetology Arts & Sciences-San Antonio 410,0,0,14,72,0,12,1,1,0,48,TX
418056,Ulster BOCES-School of Practical Nursing,0,0,0,0,0,0,0,0,0,36,NY
196699,Ulster County Community College,0,3,6,17,0,61,4,9,0,36,NY
441371,Ultimate Medical Academy,1,1,59,2,1,33,0,4,0,12,FL
481252,Ultrasound Medical Institute,1,0,76,10,0,10,0,4,0,12,FL
246789,Unification Theological Seminary,0,18,20,4,0,26,12,0,20,36,NY
196866,Union College,0,6,4,9,0,67,3,1,10,36,NY
196884,Union Theological Seminary in the City of New York,0,8,13,7,0,54,4,4,10,36,NY
486354,United International College,0,0,0,3,0,0,0,0,97,12,FL
197027,United States Merchant Marine Academy,0,5,2,5,1,77,7,2,0,36,NY
197036,United States Military Academy,1,8,13,12,0,61,2,1,1,36,NY
197018,United Talmudical Seminary,0,0,0,0,0,97,0,0,3,36,NY
446589,Universal Career School,0,0,0,0,0,0,0,0,0,12,FL
229416,Universal Technical Institute of Texas Inc.,0,1,9,29,0,14,5,42,0,48,TX
369400,Universal Technical Institute-Auto Motorcycle & Marine Mechanics Institute Division-Orlando,1,1,14,21,0,50,9,4,0,12,FL
460543,Universal Technical Institute-Dallas Fort Worth,0,2,10,43,0,33,9,2,0,48,TX
498030,Universal Technical Institute-South Florida Miramar,0,0,0,0,0,0,0,0,0,12,FL
497286,Universal Technical Institute-West Texas,1,1,6,54,1,27,6,3,0,48,TX
196088,University at Buffalo,0,13,8,7,0,45,2,6,19,36,NY
132903,University of Central Florida,0,7,11,28,0,45,4,1,4,12,FL
224323,University of Dallas,0,8,9,21,0,52,2,2,5,48,TX
134130,University of Florida,0,8,6,21,0,50,4,3,8,12,FL
484473,University of Florida-Online,0,6,6,22,0,57,4,3,1,12,FL
457402,University of Fort Lauderdale,0,0,54,23,1,9,4,8,1,12,FL
225511,University of Houston,0,21,11,33,0,22,3,1,8,48,TX
225414,University of Houston-Clear Lake,0,8,9,41,0,32,3,1,6,48,TX
225432,University of Houston-Downtown,0,8,21,52,0,13,3,1,2,48,TX
229407,University of Houston-System Administration,0,0,0,0,0,0,0,0,0,48,TX
225502,University of Houston-Victoria,0,8,16,39,0,30,3,1,3,48,TX
226471,University of Mary Hardin-Baylor,1,2,13,23,0,53,3,3,2,48,TX
135726,University of Miami,0,4,9,26,0,39,3,5,13,12,FL
136172,University of North Florida,0,6,11,15,0,60,5,1,2,12,FL
227216,University of North Texas,0,7,13,23,0,39,4,1,12,48,TX
484905,University of North Texas at Dallas,0,2,27,47,0,14,2,1,6,48,TX
228909,University of North Texas Health Science Center,0,27,10,16,0,39,3,2,3,48,TX
443711,University of North Texas System,0,0,0,0,0,0,0,0,0,48,TX
484756,University of Phoenix-Texas,1,1,31,10,1,8,2,47,0,48,TX
195030,University of Rochester,0,10,5,6,0,41,3,5,29,36,NY
137351,University of South Florida,0,7,9,20,0,46,4,4,9,12,FL
227863,University of St Thomas,0,9,12,43,0,24,2,3,7,48,TX
228635,University of Texas Southwestern Medical Center,0,20,5,13,0,27,3,8,25,48,TX
225627,University of the Incarnate Word,0,6,8,51,0,19,2,7,5,48,TX
196307,Upstate Medical University,0,13,6,8,0,61,2,4,5,36,NY
491747,UR Beauty & Barber Academy,0,0,41,39,0,18,2,0,0,12,FL
446604,Uta Mesivta of Kiryas Joel,0,0,0,0,0,99,0,0,1,36,NY
197045,Utica University,1,5,10,8,0,64,2,9,1,36,NY
138187,Valencia College,0,5,17,39,0,26,3,4,5,12,FL
443322,Valley Grande Institute for Academic Studies,0,1,1,98,0,0,0,0,0,48,TX
197133,Vassar College,0,13,4,11,0,55,8,1,8,36,NY
188340,Vaughn College of Aeronautics and Technology,1,15,15,30,1,16,2,15,5,36,NY
417910,Veeb Nassau County School of Practical Nursing,0,6,73,10,0,7,5,0,0,36,NY
229504,Vernon College,1,2,8,26,0,57,5,1,0,48,TX
223472,Vet Tech Institute of Houston,1,1,12,41,1,33,5,6,0,48,TX
229522,Victoria Beauty & Barber College,1,0,10,56,0,26,6,0,0,48,TX
229540,Victoria College,0,2,5,51,0,39,2,1,0,48,TX
197142,Villa Maria College,0,2,37,9,0,40,11,1,0,36,NY
476559,Vogue College of Cosmetology,0,2,10,71,0,8,8,1,0,48,TX
229656,Vogue College of Cosmetology-McAllen,0,0,4,86,0,6,1,2,0,48,TX
476540,Vogue College of Cosmetology-San Antonio Fredericksburg,0,3,14,63,0,13,4,3,0,48,TX
491871,Vogue International Academy,0,3,14,69,0,10,0,3,0,48,TX
226879,Wade College,0,4,39,22,0,31,0,3,0,48,TX
476896,Wade Gordon Hairdressing Academy,1,2,12,54,0,23,4,3,1,48,TX
487065,Wade Gordon Hairdressing Academy-Lubbock,0,0,3,50,0,40,3,3,0,48,TX
197197,Wagner College,0,5,7,11,0,60,4,7,5,36,NY
138275,Warner University,0,0,31,16,0,46,1,1,5,12,FL
418029,Washington Saratoga Warren Hamilton Essex BOCES-Practical Nursing Program,0,0,3,5,0,92,0,0,0,36,NY
229780,Wayland Baptist University,1,2,17,35,4,32,4,3,2,48,TX
418001,Wayne Finger Lakes BOCES-Practical Nursing Program,0,2,30,3,0,55,8,1,0,36,NY
229799,Weatherford College,1,1,3,22,0,68,3,2,0,48,TX
197221,Webb Institute,0,5,0,7,0,78,8,3,0,36,NY
138293,Webber International University,0,1,32,5,1,42,3,7,10,12,FL
190424,Weill Medical College of Cornell University,0,21,7,10,0,37,3,5,17,36,NY
197230,Wells College,1,2,11,17,0,49,4,16,1,36,NY
477039,West Coast University-Dallas,0,12,33,28,0,22,5,0,0,48,TX
485272,West Coast University-Miami,0,2,16,75,0,5,3,0,0,12,FL
229814,West Texas A & M University,1,3,5,29,0,55,2,3,2,48,TX
485801,Westchester School for Medical & Dental Assistants,1,1,20,56,0,10,0,0,11,36,NY
197337,Westchester School of Beauty Culture,0,3,44,27,0,21,0,0,4,36,NY
420468,Western Suffolk BOCES,1,4,11,19,0,57,2,4,0,36,NY
224660,Western Technical College,0,1,7,62,0,18,10,0,0,48,TX
224679,Western Technical College,1,0,4,71,0,16,8,0,0,48,TX
229832,Western Texas College,0,7,4,33,0,50,3,0,4,48,TX
229841,Wharton County Junior College,0,15,12,42,0,29,1,0,0,48,TX
229887,Wiley College,0,0,91,2,0,6,0,0,1,48,TX
226860,William Edge Institute,0,0,3,49,0,48,0,0,0,48,TX
138479,William T McFatter Technical College,1,4,31,36,0,23,2,0,2,12,FL
491783,Wilton Simpson Technical College,1,0,4,15,0,77,3,0,0,12,FL
138497,Withlacoochee Technical College,2,3,7,12,1,71,4,0,0,12,FL
197531,Word of Life Bible Institute,0,2,4,7,0,74,2,3,8,36,NY
490142,World Class Academy of Beauty Careers,0,0,100,0,0,0,0,0,0,12,FL
484136,Yahweh Beauty Academy,0,0,78,9,0,11,2,0,0,48,TX
420325,Yeshiva D'monsey Rabbinical College,0,0,0,0,0,100,0,0,0,36,NY
197647,Yeshiva Derech Chaim,0,0,0,0,0,93,0,0,7,36,NY
375230,Yeshiva Gedolah Imrei Yosef D'spinka,0,0,0,0,0,100,0,0,0,36,NY
481410,Yeshiva Gedolah Kesser Torah,0,0,0,0,0,98,0,0,2,36,NY
197601,Yeshiva Karlin Stolin,0,0,0,0,0,99,0,0,1,36,NY
491057,Yeshiva Kollel Tifereth Elizer,0,0,0,0,0,100,0,0,0,36,NY
190752,Yeshiva of Far Rockaway Derech Ayson Rabbinical Seminary,0,0,0,0,0,100,0,0,0,36,NY
455257,Yeshiva of Machzikai Hadas,0,0,0,0,0,92,0,0,8,36,NY
197674,Yeshiva of Nitra Rabbinical College,0,0,0,0,0,98,0,0,2,36,NY
493594,Yeshiva of Ocean,0,0,0,0,0,100,0,0,0,36,NY
431983,Yeshiva of the Telshe Alumni,0,0,0,0,0,99,0,0,1,36,NY
490504,Yeshiva Ohr Naftoli,0,0,0,0,0,98,0,0,2,36,NY
486017,Yeshiva Ohr Yisrael,0,0,0,0,0,97,0,0,3,36,NY
490276,Yeshiva Shaar Ephraim,0,0,0,0,0,100,0,0,0,36,NY
441609,Yeshiva Shaarei Torah of Rockland,0,0,0,0,0,93,0,0,7,36,NY
486026,Yeshiva Sholom Shachna,0,0,0,0,0,100,0,0,0,36,NY
197708,Yeshiva University,0,2,3,4,0,53,1,30,8,36,NY
494737,Yeshiva Yesoda Hatorah Vetz Chaim,0,0,0,0,0,100,0,0,0,36,NY
487746,Yeshiva Zichron Aryeh,0,0,0,0,0,95,0,0,5,36,NY
363712,Yeshivah Gedolah Rabbinical College,0,0,0,0,0,96,0,0,4,12,FL
488101,Yeshivas Maharit D'Satmar,0,0,0,0,0,100,0,0,0,36,NY
405058,Yeshivas Novominsk,0,0,0,0,0,99,0,0,1,36,NY
493664,Yeshivat Hechal Shemuel,0,0,0,0,0,100,0,0,0,36,NY
197692,Yeshivath Shaar Hatorah,0,0,0,0,0,100,0,0,0,36,NY
197735,Yeshivath Viznitz,0,0,0,0,0,98,0,0,2,36,NY
197744,Yeshivath Zichron Moshe,0,0,0,0,0,92,0,0,7,36,NY
